toll_point_id,uf,regulador,jurisdicao,concessionaria,lote,codigo_praca,nome,tipo_ponto,rodovia,km,municipio,sentido,latitude,longitude,valor_base_categoria1_brl,eixos_2_brl,eixos_3_brl,eixos_4_brl,eixos_5_brl,eixos_6_brl,eixos_7_brl,eixos_8_brl,eixos_9_brl,status_operacional,classe_cobranca,calcular_pedagio,confianca_geo,confianca_valor,source_tarifa_url,source_geo_url
br_antt_070_ecovias_capixaba_pedro_canario,ES,ANTT,federal,ECOVIAS CAPIXABA,,,P1 - Pedro Canário ,praca_fisica,BR-101,1.0,Pedro Canário,Crescente/Decrescente,-18.18470800,-39.92211600,5.20,10.40,15.60,20.80,26.00,31.20,36.40,41.60,46.80,ativo,cobranca_confirmada,true,alta,alta,https://www.gov.br/antt/pt-br/assuntos/rodovias/concessionarias/lista-de-concessoes/ecovias-capixaba/tarifas-de-pedagio,https://www.gov.br/antt/pt-br/assuntos/rodovias/concessionarias/lista-de-concessoes/eco101/localizacao-das-pracas-de-pedagio ; OSM Overpass export (12).geojson
br_antt_071_ecovias_capixaba_sao_mateus,ES,ANTT,federal,ECOVIAS CAPIXABA,,,P2 - São Mateus ,praca_fisica,BR-101,85.8,São Mateus,Crescente/Decrescente,-18.86397400,-39.93870500,6.80,13.60,20.40,27.20,34.00,40.80,47.60,54.40,61.20,ativo,cobranca_confirmada,true,alta,alta,https://www.gov.br/antt/pt-br/assuntos/rodovias/concessionarias/lista-de-concessoes/ecovias-capixaba/tarifas-de-pedagio,https://www.gov.br/antt/pt-br/assuntos/rodovias/concessionarias/lista-de-concessoes/eco101/localizacao-das-pracas-de-pedagio ; OSM Overpass export (12).geojson
br_antt_066_ecovias_capixaba_aracruz,ES,ANTT,federal,ECOVIAS CAPIXABA,,,P3 - Aracruz ,praca_fisica,BR-101,171.7,Aracruz,Crescente/Decrescente,-19.56309900,-40.17762100,6.40,12.80,19.20,25.60,32.00,38.40,44.80,51.20,57.60,ativo,cobranca_confirmada,true,alta,alta,https://www.gov.br/antt/pt-br/assuntos/rodovias/concessionarias/lista-de-concessoes/ecovias-capixaba/tarifas-de-pedagio,https://www.gov.br/antt/pt-br/assuntos/rodovias/concessionarias/lista-de-concessoes/eco101/localizacao-das-pracas-de-pedagio ; OSM Overpass export (12).geojson
br_antt_072_ecovias_capixaba_serra,ES,ANTT,federal,ECOVIAS CAPIXABA,,,P4 - Serra ,praca_fisica,BR-101,242.0,Serra,Crescente/Decrescente,-20.03256500,-40.39662400,6.10,12.20,18.30,24.40,30.50,36.60,42.70,48.80,54.90,ativo,cobranca_confirmada,true,alta,alta,https://www.gov.br/antt/pt-br/assuntos/rodovias/concessionarias/lista-de-concessoes/ecovias-capixaba/tarifas-de-pedagio,https://www.gov.br/antt/pt-br/assuntos/rodovias/concessionarias/lista-de-concessoes/eco101/localizacao-das-pracas-de-pedagio ; OSM Overpass export (12).geojson
br_antt_067_ecovias_capixaba_guarapari,ES,ANTT,federal,ECOVIAS CAPIXABA,,,P5 - Guarapari ,praca_fisica,BR-101,320.8,Guarapari,Crescente/Decrescente,-20.51931600,-40.47860900,6.30,12.60,18.90,25.20,31.50,37.80,44.10,50.40,56.70,ativo,cobranca_confirmada,true,alta,alta,https://www.gov.br/antt/pt-br/assuntos/rodovias/concessionarias/lista-de-concessoes/ecovias-capixaba/tarifas-de-pedagio,https://www.gov.br/antt/pt-br/assuntos/rodovias/concessionarias/lista-de-concessoes/eco101/localizacao-das-pracas-de-pedagio ; OSM Overpass export (12).geojson
br_antt_068_ecovias_capixaba_itapemirim,ES,ANTT,federal,ECOVIAS CAPIXABA,,,P6 - Itapemirim ,praca_fisica,BR-101,398.9,Itapemirim,Crescente/Decrescente,-20.87858600,-40.96611800,5.30,10.60,15.90,21.20,26.50,31.80,37.10,42.40,47.70,ativo,cobranca_confirmada,true,alta,alta,https://www.gov.br/antt/pt-br/assuntos/rodovias/concessionarias/lista-de-concessoes/ecovias-capixaba/tarifas-de-pedagio,https://www.gov.br/antt/pt-br/assuntos/rodovias/concessionarias/lista-de-concessoes/eco101/localizacao-das-pracas-de-pedagio ; OSM Overpass export (12).geojson
br_antt_069_ecovias_capixaba_mimoso,ES,ANTT,federal,ECOVIAS CAPIXABA,,,P7 - Mimoso do Sul ,praca_fisica,BR-101,452.0,Mimoso do Sul,Crescente/Decrescente,-21.15839700,-41.28061400,3.00,6.00,9.00,12.00,15.00,18.00,21.00,24.00,27.00,ativo,cobranca_confirmada,true,alta,alta,https://www.gov.br/antt/pt-br/assuntos/rodovias/concessionarias/lista-de-concessoes/ecovias-capixaba/tarifas-de-pedagio,https://www.gov.br/antt/pt-br/assuntos/rodovias/concessionarias/lista-de-concessoes/eco101/localizacao-das-pracas-de-pedagio ; OSM Overpass export (12).geojson
br_antt_055_eco050_campo_alegre,GO,ANTT,federal,Ecovias Minas Goiás / Eco050,,,P2 Campo Alegre de Goiás,praca_fisica,BR-50,226.0,Campo Alegre de Goiás,Crescente/Decrescente,-17.77200950,-47.74990525,9.60,19.20,28.80,38.40,48.00,57.60,67.20,76.80,86.40,ativo,cobranca_confirmada,true,alta,alta,https://www.gov.br/antt/pt-br/assuntos/ultimas-noticias/antt-aprova-nova-tarifa-de-pedagio-na-br-050-entre-goias-e-minas-gerais-reajuste-entra-em-vigor-em-julho,OSM Overpass export (13).geojson cruzado com fonte oficial ANTT/concessionária
br_antt_056_eco050_ipameri,GO,ANTT,federal,Ecovias Minas Goiás / Eco050,,,P1 Ipameri,praca_fisica,BR-50,144.0,Ipameri,Crescente/Decrescente,-17.12116780,-47.72147135,8.90,17.80,26.70,35.60,44.50,53.40,62.30,71.20,80.10,ativo,cobranca_confirmada,true,alta,alta,https://www.gov.br/antt/pt-br/assuntos/ultimas-noticias/antt-aprova-nova-tarifa-de-pedagio-na-br-050-entre-goias-e-minas-gerais-reajuste-entra-em-vigor-em-julho,OSM Overpass export (13).geojson cruzado com fonte oficial ANTT/concessionária
br_antt_039_concebra_alexania,GO,ANTT,federal,CONCEBRA,,,P1 Alexânia,praca_fisica,BR-60,43.1,Alexânia,Crescente/Decrescente,-16.11572420,-48.58929975,7.40,14.80,22.20,29.60,37.00,44.40,51.80,59.20,66.60,ativo,cobranca_confirmada,true,alta,alta,https://triunfoconcebra.com.br/,OSM Overpass export (13).geojson cruzado com fonte oficial ANTT/concessionária
br_antt_040_concebra_goianapolis,GO,ANTT,federal,CONCEBRA,,,P2 Goianápolis,praca_fisica,BR-60,107.9,Goianápolis,Crescente/Decrescente,-16.43841450,-49.01907630,5.40,10.80,16.20,21.60,27.00,32.40,37.80,43.20,48.60,ativo,cobranca_confirmada,true,alta,alta,https://triunfoconcebra.com.br/,OSM Overpass export (13).geojson cruzado com fonte oficial ANTT/concessionária
br_antt_075_ecovias_araguaia_porangatu,GO,ANTT,federal,ECOVIAS DO ARAGUAIA,,,P3 - Porangatu,praca_fisica,BR-153,12.5,Porangatu,Crescente/Decrescente,-12.94270315,-49.13279580,12.00,24.00,36.00,48.00,60.00,72.00,84.00,96.00,108.00,ativo,cobranca_confirmada,true,alta,alta,https://www.gov.br/antt/pt-br/assuntos/rodovias/concessionarias/lista-de-concessoes/ecovias-araguaia/tarifas-de-pedagio,OSM Overpass export (13).geojson cruzado com fonte oficial ANTT/concessionária
br_antt_way153_p1_piracanjuba,GO,ANTT,federal,Way-153 / Rota Sertaneja MG-GO,BR-153/262/GO/MG - Rota Sertaneja,P1,P1 Piracanjuba / Professor Jamil,praca_fisica,BR-153,553.1,Piracanjuba,Crescente/Decrescente,-17.16333660,-49.21273910,15.60,31.20,46.80,62.40,78.00,93.60,109.20,124.80,140.40,ativo,cobranca_confirmada,true,alta,alta,https://www.gov.br/antt/pt-br/assuntos/rodovias/concessionarias/lista-de-concessoes/rota-sertaneja/tarifas-de-pedagio/tarifas-de-pedagio,OSM Overpass export (13).geojson cruzado com fonte oficial ANTT/concessionária
br_antt_078_ecovias_araguaia_estrela,GO,ANTT,federal,ECOVIAS DO ARAGUAIA,,,P4 - Estrela do Norte,praca_fisica,BR-153,116.12,Estrela do Norte,Crescente/Decrescente,-13.79516860,-49.03568915,11.50,23.00,34.50,46.00,57.50,69.00,80.50,92.00,103.50,ativo,cobranca_confirmada,true,alta,alta,https://www.gov.br/antt/pt-br/assuntos/rodovias/concessionarias/lista-de-concessoes/ecovias-araguaia/tarifas-de-pedagio,OSM Overpass export (13).geojson cruzado com fonte oficial ANTT/concessionária
br_antt_way153_p2_itumbiara,GO,ANTT,federal,Way-153 / Rota Sertaneja MG-GO,BR-153/262/GO/MG - Rota Sertaneja,P2,P2 Itumbiara,praca_fisica,BR-153,685.8,Itumbiara,Crescente/Decrescente,-18.26845585,-49.24592435,14.90,29.80,44.70,59.60,74.50,89.40,104.30,119.20,134.10,ativo,cobranca_confirmada,true,alta,alta,https://www.gov.br/antt/pt-br/assuntos/rodovias/concessionarias/lista-de-concessoes/rota-sertaneja/tarifas-de-pedagio/tarifas-de-pedagio,OSM Overpass export (13).geojson cruzado com fonte oficial ANTT/concessionária
br_antt_081_ecovias_araguaia_campinorte,GO,ANTT,federal,ECOVIAS DO ARAGUAIA,,,P5 - Campinorte,praca_fisica,BR-153,182.04,Campinorte,Crescente/Decrescente,-14.37303915,-49.15825980,14.30,28.60,42.90,57.20,71.50,85.80,100.10,114.40,128.70,ativo,cobranca_confirmada,true,alta,alta,https://www.gov.br/antt/pt-br/assuntos/rodovias/concessionarias/lista-de-concessoes/ecovias-araguaia/tarifas-de-pedagio,OSM Overpass export (13).geojson cruzado com fonte oficial ANTT/concessionária
br_antt_084_ecovias_cerrado_paranaiguara,GO,ANTT,federal,Ecovias do Cerrado,,,P5 - Paranaiguara,praca_fisica,BR-364,32.6,Paranaiguara,Crescente/Decrescente,-18.89763275,-50.71973290,5.90,11.80,17.70,23.60,29.50,35.40,41.30,47.20,53.10,ativo,cobranca_confirmada,true,alta,alta,https://www.gov.br/antt/pt-br/assuntos/rodovias/concessionarias/lista-de-concessoes/ecovias-do-cerrado/tarifas-de-pedagio,OSM Overpass export (13).geojson cruzado com fonte oficial ANTT/concessionária
br_antt_082_ecovias_cerrado_cachoeira_alta,GO,ANTT,federal,Ecovias do Cerrado,,,P6 - Cachoeira Alta / Aparecida do Rio Doce,praca_fisica,BR-364,92.85,Cachoeira Alta,Crescente/Decrescente,-18.47123125,-51.08265890,5.90,11.80,17.70,23.60,29.50,35.40,41.30,47.20,53.10,ativo,cobranca_confirmada,true,alta,alta,https://www.gov.br/antt/pt-br/assuntos/rodovias/concessionarias/lista-de-concessoes/ecovias-do-cerrado/tarifas-de-pedagio,OSM Overpass export (13).geojson cruzado com fonte oficial ANTT/concessionária
br_antt_079_ecovias_araguaia_hidrolina,GO,ANTT,federal,ECOVIAS DO ARAGUAIA,,,P6 - Hidrolina,praca_fisica,BR-153,233.4,Hidrolina,Crescente/Decrescente,-14.79929465,-49.28422295,14.30,28.60,42.90,57.20,71.50,85.80,100.10,114.40,128.70,ativo,cobranca_confirmada,true,alta,alta,https://www.gov.br/antt/pt-br/assuntos/rodovias/concessionarias/lista-de-concessoes/ecovias-araguaia/tarifas-de-pedagio,OSM Overpass export (13).geojson cruzado com fonte oficial ANTT/concessionária
br_antt_083_ecovias_cerrado_jatai,GO,ANTT,federal,Ecovias do Cerrado,,,P7 - Jataí,praca_fisica,BR-364,156.18,Jataí,Crescente/Decrescente,-18.11132035,-51.48058795,5.90,11.80,17.70,23.60,29.50,35.40,41.30,47.20,53.10,ativo,cobranca_confirmada,true,alta,alta,https://www.gov.br/antt/pt-br/assuntos/rodovias/concessionarias/lista-de-concessoes/ecovias-do-cerrado/tarifas-de-pedagio,OSM Overpass export (13).geojson cruzado com fonte oficial ANTT/concessionária
br_antt_080_ecovias_araguaia_jaragua,GO,ANTT,federal,ECOVIAS DO ARAGUAIA,,,P7 - Jaraguá,praca_fisica,BR-153,367.5,Jaraguá,Crescente/Decrescente,-15.82713530,-49.28157595,15.60,31.20,46.80,62.40,78.00,93.60,109.20,124.80,140.40,ativo,cobranca_confirmada,true,alta,alta,https://www.gov.br/antt/pt-br/assuntos/rodovias/concessionarias/lista-de-concessoes/ecovias-araguaia/tarifas-de-pedagio,OSM Overpass export (13).geojson cruzado com fonte oficial ANTT/concessionária
br_antt_076_ecovias_araguaia_santa_rita_novo_destino,GO,ANTT,federal,ECOVIAS DO ARAGUAIA,,,P8 - Santa Rita do Novo Destino,praca_fisica,BR-80,155.5,Santa Rita do Novo Destino,Crescente/Decrescente,-14.81427330,-49.04235230,14.30,28.60,42.90,57.20,71.50,85.80,100.10,114.40,128.70,ativo,cobranca_confirmada,true,alta,alta,https://www.gov.br/antt/pt-br/assuntos/rodovias/concessionarias/lista-de-concessoes/ecovias-araguaia/tarifas-de-pedagio,OSM Overpass export (13).geojson cruzado com fonte oficial ANTT/concessionária
br_antt_077_ecovias_araguaia_corumba_goias,GO,ANTT,federal,ECOVIAS DO ARAGUAIA,,,P9 - Corumbá de Goiás,praca_fisica,BR-414,404.08,Corumbá de Goiás,Crescente/Decrescente,-16.00354480,-48.84123405,14.30,28.60,42.90,57.20,71.50,85.80,100.10,114.40,128.70,ativo,cobranca_confirmada,true,alta,alta,https://www.gov.br/antt/pt-br/assuntos/rodovias/concessionarias/lista-de-concessoes/ecovias-araguaia/tarifas-de-pedagio,OSM Overpass export (13).geojson cruzado com fonte oficial ANTT/concessionária
br_antt_001_autopista_fernao_dias_,MG,ANTT,federal,AUTOPISTA FERNÃO DIAS,,,3 (Cambuí),praca_fisica,BR-381,900.9,Cambuí,Crescente/Decrescente,-22.62848700,-46.07789000,3.20,6.40,9.60,12.80,16.00,19.20,22.40,25.60,28.80,ativo,cobranca_confirmada,true,alta,alta,ANTT/dados de tarifas,ANTT/dados-dos-pracas-de-pedagio2_2026.csv
br_antt_006_autopista_fernao_dias_,MG,ANTT,federal,AUTOPISTA FERNÃO DIAS,,,4 (São Gonçalo),praca_fisica,BR-381,805.2,São Gonçalo do Sapucaí,Crescente/Decrescente,-21.97044100,-45.63118800,3.20,6.40,9.60,12.80,16.00,19.20,22.40,25.60,28.80,ativo,cobranca_confirmada,true,alta,alta,ANTT/dados de tarifas,ANTT/dados-dos-pracas-de-pedagio2_2026.csv
br_antt_002_autopista_fernao_dias_,MG,ANTT,federal,AUTOPISTA FERNÃO DIAS,,,5 (Carmo da Cachoeira),praca_fisica,BR-381,735.5,Carmo da Cachoeira,Crescente/Decrescente,-21.54570000,-45.24020300,3.20,6.40,9.60,12.80,16.00,19.20,22.40,25.60,28.80,ativo,cobranca_confirmada,true,alta,alta,ANTT/dados de tarifas,ANTT/dados-dos-pracas-de-pedagio2_2026.csv
br_antt_005_autopista_fernao_dias_,MG,ANTT,federal,AUTOPISTA FERNÃO DIAS,,,6 (Santo Antônio do Amparo),praca_fisica,BR-381,658.3,Santo Antônio do Amparo,Crescente/Decrescente,-21.00036700,-44.96696700,3.20,6.40,9.60,12.80,16.00,19.20,22.40,25.60,28.80,ativo,cobranca_confirmada,true,alta,alta,ANTT/dados de tarifas,ANTT/dados-dos-pracas-de-pedagio2_2026.csv
br_antt_003_autopista_fernao_dias_,MG,ANTT,federal,AUTOPISTA FERNÃO DIAS,,,7 (Carmópolis de Minas),praca_fisica,BR-381,597.7,Carmópolis de Minas,Crescente/Decrescente,-20.59148600,-44.70150600,3.20,6.40,9.60,12.80,16.00,19.20,22.40,25.60,28.80,ativo,cobranca_confirmada,true,alta,alta,ANTT/dados de tarifas,ANTT/dados-dos-pracas-de-pedagio2_2026.csv
br_antt_004_autopista_fernao_dias_,MG,ANTT,federal,AUTOPISTA FERNÃO DIAS,,,8 (Itatiaiuçu),praca_fisica,BR-381,545.9,Itatiaiuçu,Crescente/Decrescente,-20.26834600,-44.42371100,3.20,6.40,9.60,12.80,16.00,19.20,22.40,25.60,28.80,ativo,cobranca_confirmada,true,alta,alta,ANTT/dados de tarifas,ANTT/dados-dos-pracas-de-pedagio2_2026.csv
br_antt_058_eco050_araguari_i,MG,ANTT,federal,ECO050,,,ARAGUARI I,praca_fisica,BR-50,13.94,Araguari,Crescente/Decrescente,-18.54000000,-48.05000000,7.30,14.60,21.90,29.20,36.50,43.80,51.10,58.40,65.70,ativo,cobranca_confirmada,true,alta,alta,ANTT/dados de tarifas,ANTT/dados-dos-pracas-de-pedagio2_2026.csv
br_antt_059_eco050_araguari_ii,MG,ANTT,federal,ECO050,,,ARAGUARI II,praca_fisica,BR-50,51.5,Araguari,Crescente/Decrescente,-18.75000000,-48.24000000,7.30,14.60,21.90,29.20,36.50,43.80,51.10,58.40,65.70,ativo,cobranca_confirmada,true,alta,alta,ANTT/dados de tarifas,ANTT/dados-dos-pracas-de-pedagio2_2026.csv
br_antt_060_eco050_delta,MG,ANTT,federal,ECO050,,,DELTA,praca_fisica,BR-50,198.2,Delta,Crescente/Decrescente,-19.92000000,-47.83000000,5.60,11.20,16.80,22.40,28.00,33.60,39.20,44.80,50.40,ativo,cobranca_confirmada,true,alta,alta,ANTT/dados de tarifas,ANTT/dados-dos-pracas-de-pedagio2_2026.csv
br_antt_127_nova_381_free_flow_belo_oriente,MG,ANTT,federal,NOVA 381,,,Free Flow Belo Oriente - P04,portico_free_flow,BR-381,227.5,Belo Oriente,Crescente/Decrescente,-19.34824200,-42.43317500,12.10,24.20,36.30,48.40,60.50,72.60,84.70,96.80,108.90,ativo,cobranca_confirmada,true,alta,alta,ANTT/dados de tarifas,ANTT/dados-dos-pracas-de-pedagio2_2026.csv
br_antt_128_nova_381_free_flow_caete,MG,ANTT,federal,NOVA 381,,,Free Flow Caeté - P01,portico_free_flow,BR-381,411.85,Caeté,Crescente/Decrescente,-19.74389700,-43.61528300,15.50,31.00,46.50,62.00,77.50,93.00,108.50,124.00,139.50,ativo,cobranca_confirmada,true,alta,alta,ANTT/dados de tarifas,ANTT/dados-dos-pracas-de-pedagio2_2026.csv
br_antt_129_nova_381_free_flow_governador_valadares,MG,ANTT,federal,NOVA 381,,,Free Flow Governador Valadares - P05,portico_free_flow,BR-381,176.55,Governador Valadares,Crescente/Decrescente,-19.02874400,-42.14770800,12.60,25.20,37.80,50.40,63.00,75.60,88.20,100.80,113.40,ativo,cobranca_confirmada,true,alta,alta,ANTT/dados de tarifas,ANTT/dados-dos-pracas-de-pedagio2_2026.csv
br_antt_130_nova_381_free_flow_jaguaracu,MG,ANTT,federal,NOVA 381,,,Free Flow Jaguaraçú - P03,portico_free_flow,BR-381,280.15,Jaguaraçu,Crescente/Decrescente,-19.60996700,-42.76623300,15.10,30.20,45.30,60.40,75.50,90.60,105.70,120.80,135.90,ativo,cobranca_confirmada,true,alta,alta,ANTT/dados de tarifas,ANTT/dados-dos-pracas-de-pedagio2_2026.csv
br_antt_131_nova_381_free_flow_joao_monlevade,MG,ANTT,federal,NOVA 381,,,Free Flow João Monlevade - P02,portico_free_flow,BR-381,342.27,João Monlevade,Crescente/Decrescente,-19.85394700,-43.13268900,12.90,25.80,38.70,51.60,64.50,77.40,90.30,103.20,116.10,ativo,cobranca_confirmada,true,alta,alta,ANTT/dados de tarifas,ANTT/dados-dos-pracas-de-pedagio2_2026.csv
br_antt_099_ecovias_rio_minas_leopoldina,MG,ANTT,federal,ECOVIAS RIO MINAS,,,P09 Leopoldina,praca_fisica,BR-116,784.32,Leopoldina,Crescente/Decrescente,-21.63861100,-42.71027700,14.50,29.00,43.50,58.00,72.50,87.00,101.50,116.00,130.50,ativo,cobranca_confirmada,true,alta,alta,ANTT/dados de tarifas,ANTT/dados-dos-pracas-de-pedagio2_2026.csv
br_antt_242_via_mineira_itabirito,MG,ANTT,federal,VIA MINEIRA,,,P1 - Itabirito,praca_fisica,BR-40,577.2,Itabirito,Crescente/Decrescente,-20.27288000,-43.95112000,13.60,27.20,40.80,54.40,68.00,81.60,95.20,108.80,122.40,ativo,cobranca_confirmada,true,alta,alta,ANTT/dados de tarifas,ANTT/dados-dos-pracas-de-pedagio2_2026.csv
br_antt_240_via_cristais_paracatu,MG,ANTT,federal,VIA CRISTAIS,,,P1 - Paracatu,praca_fisica,BR-40,17.65,Paracatu,Crescente/Decrescente,-17.09831000,-47.02624000,11.30,22.60,33.90,45.20,56.50,67.80,79.10,90.40,101.70,ativo,cobranca_confirmada,true,alta,alta,ANTT/dados de tarifas,ANTT/dados-dos-pracas-de-pedagio2_2026.csv
br_antt_085_ecovias_cerrado_uberlandia,MG,ANTT,federal,ECOVIAS DO CERRADO,,,P1 - UBERLÂNDIA,praca_fisica,BR-365,646.0,Uberlândia,Crescente/Decrescente,-18.88000000,-48.52000000,5.70,11.40,17.10,22.80,28.50,34.20,39.90,45.60,51.30,ativo,cobranca_confirmada,true,alta,alta,ANTT/dados de tarifas,ANTT/dados-dos-pracas-de-pedagio2_2026.csv
br_antt_098_ecovias_rio_minas_laranjal,MG,ANTT,federal,ECOVIAS RIO MINAS,,,P10 Laranjal,praca_fisica,BR-116,724.02,Laranjal,Crescente/Decrescente,-21.27833300,-42.41222200,12.80,25.60,38.40,51.20,64.00,76.80,89.60,102.40,115.20,ativo,cobranca_confirmada,true,alta,alta,ANTT/dados de tarifas,ANTT/dados-dos-pracas-de-pedagio2_2026.csv
br_antt_way262_p6_perdizes,MG,ANTT,federal,Way-262,BR-262/MG,P6,P6 Perdizes,praca_fisica,BR-262,736.9,Perdizes,Crescente/Decrescente,-19.61761400,-47.34654700,10.30,20.60,30.90,41.20,51.50,61.80,72.10,82.40,92.70,ativo,cobranca_confirmada,true,alta,alta,https://www.gov.br/antt/pt-br/assuntos/rodovias/concessionarias/lista-de-concessoes/way-262/tarifas-de-pedagio/tarifas-de-pedagio,https://www.gov.br/antt/pt-br/assuntos/rodovias/concessionarias/lista-de-concessoes/way-262/tarifas-de-pedagio/localizacao-das-pracas-de-pedagio
br_antt_way153_p5_campo_florido,MG,ANTT,federal,Way-153 / Rota Sertaneja MG-GO,BR-153/262/GO/MG - Rota Sertaneja,P5,P5 Campo Florido,praca_fisica,BR-262,863.5,Conceição das Alagoas,Crescente/Decrescente,-19.77695100,-48.45821900,14.20,28.40,42.60,56.80,71.00,85.20,99.40,113.60,127.80,ativo,cobranca_confirmada,true,alta,alta,https://www.gov.br/antt/pt-br/assuntos/rodovias/concessionarias/lista-de-concessoes/rota-sertaneja/tarifas-de-pedagio/tarifas-de-pedagio,ANTT/dados-dos-pracas-de-pedagio2_2026.csv
br_antt_097_ecovias_rio_minas_sao_francisco_gloria,MG,ANTT,federal,ECOVIAS RIO MINAS,,,P11 São Francisco do Glória,praca_fisica,BR-116,664.0,São Francisco do Glória,Crescente/Decrescente,-20.82361100,-42.32111100,11.80,23.60,35.40,47.20,59.00,70.80,82.60,94.40,106.20,ativo,cobranca_confirmada,true,alta,alta,ANTT/dados de tarifas,ANTT/dados-dos-pracas-de-pedagio2_2026.csv
br_antt_100_ecovias_rio_minas_sao_joao_manhuacu,MG,ANTT,federal,ECOVIAS RIO MINAS,,,P12 São João do Manhuaçu,praca_fisica,BR-116,610.94,São João do Manhuaçu,Crescente/Decrescente,-20.43027700,-42.16305500,9.70,19.40,29.10,38.80,48.50,58.20,67.90,77.60,87.30,ativo,cobranca_confirmada,true,alta,alta,ANTT/dados de tarifas,ANTT/dados-dos-pracas-de-pedagio2_2026.csv
br_antt_096_ecovias_rio_minas_santa_barbara,MG,ANTT,federal,ECOVIAS RIO MINAS,,,P13 Santa Bárbara do Leste,praca_fisica,BR-116,551.88,Santa Bárbara do Leste,Crescente/Decrescente,-19.99166600,-42.14361100,10.70,21.40,32.10,42.80,53.50,64.20,74.90,85.60,96.30,ativo,cobranca_confirmada,true,alta,alta,ANTT/dados de tarifas,ANTT/dados-dos-pracas-de-pedagio2_2026.csv
br_antt_102_ecovias_rio_minas_inhapim,MG,ANTT,federal,ECOVIAS RIO MINAS,,,P14 Inhapim,praca_fisica,BR-116,488.7,Inhapim,Crescente/Decrescente,-19.46805500,-42.13388800,13.20,26.40,39.60,52.80,66.00,79.20,92.40,105.60,118.80,ativo,cobranca_confirmada,true,alta,alta,ANTT/dados de tarifas,ANTT/dados-dos-pracas-de-pedagio2_2026.csv
br_antt_101_ecovias_rio_minas_engenheiro_caldas,MG,ANTT,federal,ECOVIAS RIO MINAS,,,P15 Engenheiro Caldas,praca_fisica,BR-116,433.6,Engenheiro Caldas,Crescente/Decrescente,-19.02777700,-41.98944400,10.60,21.20,31.80,42.40,53.00,63.60,74.20,84.80,95.40,ativo,cobranca_confirmada,true,alta,alta,ANTT/dados de tarifas,ANTT/dados-dos-pracas-de-pedagio2_2026.csv
br_antt_241_via_mineira_lafaiete,MG,ANTT,federal,VIA MINEIRA,,,P2 - Lafaiete,praca_fisica,BR-40,642.85,Conselheiro Lafaiete,Crescente/Decrescente,-20.76702000,-43.80668000,13.60,27.20,40.80,54.40,68.00,81.60,95.20,108.80,122.40,ativo,cobranca_confirmada,true,alta,alta,ANTT/dados de tarifas,ANTT/dados-dos-pracas-de-pedagio2_2026.csv
br_antt_238_via_cristais_lagoa_grande,MG,ANTT,federal,VIA CRISTAIS,,,P2 - Lagoa Grande,praca_fisica,BR-40,91.295,Lagoa Grande,Crescente/Decrescente,-17.50598000,-46.56465000,11.40,22.80,34.20,45.60,57.00,68.40,79.80,91.20,102.60,ativo,cobranca_confirmada,true,alta,alta,ANTT/dados de tarifas,ANTT/dados-dos-pracas-de-pedagio2_2026.csv
br_antt_087_ecovias_cerrado_monte_alegre,MG,ANTT,federal,ECOVIAS DO CERRADO,,,P2 - MONTE ALEGRE,praca_fisica,BR-365,704.12,Monte Alegre de Minas,Crescente/Decrescente,-18.88000000,-49.04000000,5.70,11.40,17.10,22.80,28.50,34.20,39.90,45.60,51.30,ativo,cobranca_confirmada,true,alta,alta,ANTT/dados de tarifas,ANTT/dados-dos-pracas-de-pedagio2_2026.csv
br_antt_045_concer_,MG,ANTT,federal,CONCER,,,P3,praca_fisica,BR-40,816.7,Simão Pereira,Crescente/Decrescente,-21.92825200,-43.31628200,14.50,29.00,43.50,58.00,72.50,87.00,101.50,116.00,130.50,ativo,cobranca_confirmada,true,alta,alta,ANTT/dados de tarifas,ANTT/dados-dos-pracas-de-pedagio2_2026.csv
br_antt_103_elovias_,MG,ANTT,federal,ELOVIAS,,,P3,praca_fisica,BR-40,819.379,Simão Pereira,Crescente/Decrescente,-21.92825200,-43.31628200,21.00,42.00,63.00,84.00,105.00,126.00,147.00,168.00,189.00,ativo,cobranca_confirmada,true,alta,alta,ANTT/dados de tarifas,ANTT/dados-dos-pracas-de-pedagio2_2026.csv
br_antt_243_via_mineira_barbacena,MG,ANTT,federal,VIA MINEIRA,,,P3 - Barbacena,praca_fisica,BR-40,714.1,Barbacena,Crescente/Decrescente,-21.26271000,-43.66224000,13.60,27.20,40.80,54.40,68.00,81.60,95.20,108.80,122.40,ativo,cobranca_confirmada,true,alta,alta,ANTT/dados de tarifas,ANTT/dados-dos-pracas-de-pedagio2_2026.csv
br_antt_086_ecovias_cerrado_ituiutaba,MG,ANTT,federal,ECOVIAS DO CERRADO,,,P3 - ITUIUTABA,praca_fisica,BR-365,765.37,Ituiutaba,Crescente/Decrescente,-18.96000000,-49.59000000,5.70,11.40,17.10,22.80,28.50,34.20,39.90,45.60,51.30,ativo,cobranca_confirmada,true,alta,alta,ANTT/dados de tarifas,ANTT/dados-dos-pracas-de-pedagio2_2026.csv
br_antt_237_via_cristais_joao_pinheiro,MG,ANTT,federal,VIA CRISTAIS,,,P3 - João Pinheiro,praca_fisica,BR-40,172.985,João Pinheiro,Crescente/Decrescente,-17.94577000,-46.03425000,11.60,23.20,34.80,46.40,58.00,69.60,81.20,92.80,104.40,ativo,cobranca_confirmada,true,alta,alta,ANTT/dados de tarifas,ANTT/dados-dos-pracas-de-pedagio2_2026.csv
br_antt_088_ecovias_cerrado_santa_vitoria,MG,ANTT,federal,ECOVIAS DO CERRADO,,,P4 - SANTA VITÓRIA,praca_fisica,BR-365,834.45,Santa Vitória,Crescente/Decrescente,-18.91253300,-50.22413800,5.70,11.40,17.10,22.80,28.50,34.20,39.90,45.60,51.30,ativo,cobranca_confirmada,true,alta,alta,ANTT/dados de tarifas,ANTT/dados-dos-pracas-de-pedagio2_2026.csv
br_antt_239_via_cristais_sao_goncalo_abaete,MG,ANTT,federal,VIA CRISTAIS,,,P4 - São Gonçalo do Abaeté,praca_fisica,BR-40,254.1,São Gonçalo do Abaeté,Crescente/Decrescente,-18.13265000,-45.40817000,11.40,22.80,34.20,45.60,57.00,68.40,79.80,91.20,102.60,ativo,cobranca_confirmada,true,alta,alta,ANTT/dados de tarifas,ANTT/dados-dos-pracas-de-pedagio2_2026.csv
br_antt_236_via_cristais_felixlandia,MG,ANTT,federal,VIA CRISTAIS,,,P5 - Felixlândia,praca_fisica,BR-40,328.705,Felixlândia,Crescente/Decrescente,-18.56540000,-45.02116000,11.50,23.00,34.50,46.00,57.50,69.00,80.50,92.00,103.50,ativo,cobranca_confirmada,true,alta,alta,ANTT/dados de tarifas,ANTT/dados-dos-pracas-de-pedagio2_2026.csv
br_antt_way153_p3_prata,MG,ANTT,federal,Way-153 / Rota Sertaneja MG-GO,BR-153/262/GO/MG - Rota Sertaneja,P3,P3 Prata,praca_fisica,BR-153,127.9,Prata,Crescente/Decrescente,-19.47158600,-48.87104600,13.20,26.40,39.60,52.80,66.00,79.20,92.40,105.60,118.80,ativo,cobranca_confirmada,true,alta,alta,https://www.gov.br/antt/pt-br/assuntos/rodovias/concessionarias/lista-de-concessoes/rota-sertaneja/tarifas-de-pedagio/tarifas-de-pedagio,ANTT/dados-dos-pracas-de-pedagio2_2026.csv
br_antt_235_via_cristais_curvelo,MG,ANTT,federal,VIA CRISTAIS,,,P6 - Curvelo,praca_fisica,BR-40,405.353,Curvelo,Crescente/Decrescente,-19.07930000,-44.65495000,11.70,23.40,35.10,46.80,58.50,70.20,81.90,93.60,105.30,ativo,cobranca_confirmada,true,alta,alta,ANTT/dados de tarifas,ANTT/dados-dos-pracas-de-pedagio2_2026.csv
br_antt_way153_p4_fronteira,MG,ANTT,federal,Way-153 / Rota Sertaneja MG-GO,BR-153/262/GO/MG - Rota Sertaneja,P4,P4 Fronteira,praca_fisica,BR-153,227.9,Fronteira,Crescente/Decrescente,-20.14252100,-49.11048800,12.00,24.00,36.00,48.00,60.00,72.00,84.00,96.00,108.00,ativo,cobranca_confirmada,true,alta,alta,https://www.gov.br/antt/pt-br/assuntos/rodovias/concessionarias/lista-de-concessoes/rota-sertaneja/tarifas-de-pedagio/tarifas-de-pedagio,ANTT/dados-dos-pracas-de-pedagio2_2026.csv
br_antt_234_via_cristais_capim_branco,MG,ANTT,federal,VIA CRISTAIS,,,P7 - Capim Branco,praca_fisica,BR-40,487.341,Capim Branco,Crescente/Decrescente,-19.60121000,-44.22196000,15.50,31.00,46.50,62.00,77.50,93.00,108.50,124.00,139.50,ativo,cobranca_confirmada,true,alta,alta,ANTT/dados de tarifas,ANTT/dados-dos-pracas-de-pedagio2_2026.csv
br_antt_way262_p1_florestal,MG,ANTT,federal,Way-262,BR-262/MG,P1,P1 Florestal,praca_fisica,BR-262,389.4,Florestal,Crescente/Decrescente,-19.90961500,-44.50672500,10.30,20.60,30.90,41.20,51.50,61.80,72.10,82.40,92.70,ativo,cobranca_confirmada,true,alta,alta,https://www.gov.br/antt/pt-br/assuntos/rodovias/concessionarias/lista-de-concessoes/way-262/tarifas-de-pedagio/tarifas-de-pedagio,https://www.gov.br/antt/pt-br/assuntos/rodovias/concessionarias/lista-de-concessoes/way-262/tarifas-de-pedagio/localizacao-das-pracas-de-pedagio
br_antt_way262_p3_luz,MG,ANTT,federal,Way-262,BR-262/MG,P3,P3 Luz,praca_fisica,BR-262,512.85,Luz,Crescente/Decrescente,-19.78825900,-45.58463000,10.40,20.80,31.20,41.60,52.00,62.40,72.80,83.20,93.60,ativo,cobranca_confirmada,true,alta,alta,https://www.gov.br/antt/pt-br/assuntos/rodovias/concessionarias/lista-de-concessoes/way-262/tarifas-de-pedagio/tarifas-de-pedagio,https://www.gov.br/antt/pt-br/assuntos/rodovias/concessionarias/lista-de-concessoes/way-262/tarifas-de-pedagio/localizacao-das-pracas-de-pedagio
br_antt_way262_p4_campos_altos,MG,ANTT,federal,Way-262,BR-262/MG,P4,P4 Campos Altos,praca_fisica,BR-262,600.8,Campos Altos,Crescente/Decrescente,-19.64734100,-46.24008800,10.00,20.00,30.00,40.00,50.00,60.00,70.00,80.00,90.00,ativo,cobranca_confirmada,true,alta,alta,https://www.gov.br/antt/pt-br/assuntos/rodovias/concessionarias/lista-de-concessoes/way-262/tarifas-de-pedagio/tarifas-de-pedagio,https://www.gov.br/antt/pt-br/assuntos/rodovias/concessionarias/lista-de-concessoes/way-262/tarifas-de-pedagio/localizacao-das-pracas-de-pedagio
br_antt_253_way_262_florestal,MG,ANTT,federal,WAY 262,,,Praça 01 - Florestal,praca_fisica,BR-262,384.78,Florestal,Crescente/Decrescente,-19.90993600,-44.50687600,10.30,20.60,30.90,41.20,51.50,61.80,72.10,82.40,92.70,ativo,cobranca_confirmada,true,alta,alta,ANTT/dados de tarifas,ANTT/dados-dos-pracas-de-pedagio2_2026.csv
br_antt_255_way_262_nova_serrana_free_flow,MG,ANTT,federal,WAY 262,,,Praça 02 - Nova Serrana - Free Flow,portico_free_flow,BR-262,452.95,Nova Serrana,Crescente/Decrescente,-19.81262600,-45.10346100,8.80,17.60,26.40,35.20,44.00,52.80,61.60,70.40,79.20,ativo,cobranca_confirmada,true,alta,alta,ANTT/dados de tarifas,ANTT/dados-dos-pracas-de-pedagio2_2026.csv
br_antt_256_way_262_luz,MG,ANTT,federal,WAY 262,,,Praça 03 - Luz,praca_fisica,BR-262,505.4,Luz,Crescente/Decrescente,-19.78822200,-45.58460700,10.40,20.80,31.20,41.60,52.00,62.40,72.80,83.20,93.60,ativo,cobranca_confirmada,true,alta,alta,ANTT/dados de tarifas,ANTT/dados-dos-pracas-de-pedagio2_2026.csv
br_antt_251_way_262_campos_altos,MG,ANTT,federal,WAY 262,,,Praça 04 - Campos Altos,praca_fisica,BR-262,591.8,Campos Altos,Crescente/Decrescente,-19.64721800,-46.24004100,10.00,20.00,30.00,40.00,50.00,60.00,70.00,80.00,90.00,ativo,cobranca_confirmada,true,alta,alta,ANTT/dados de tarifas,ANTT/dados-dos-pracas-de-pedagio2_2026.csv
br_antt_252_way_262_ibia_free_flow,MG,ANTT,federal,WAY 262,,,Praça 05 - Ibiá - Free Flow,portico_free_flow,BR-262,665.1,Ibiá,Crescente/Decrescente,-19.55027000,-46.85036800,9.50,19.00,28.50,38.00,47.50,57.00,66.50,76.00,85.50,ativo,cobranca_confirmada,true,alta,alta,ANTT/dados de tarifas,ANTT/dados-dos-pracas-de-pedagio2_2026.csv
br_antt_254_way_262_perdizes,MG,ANTT,federal,WAY 262,,,Praça 06 - Perdizes,praca_fisica,BR-262,721.63,Perdizes,Crescente/Decrescente,-19.61759800,-47.34653000,10.30,20.60,30.90,41.20,51.50,61.80,72.10,82.40,92.70,ativo,cobranca_confirmada,true,alta,alta,ANTT/dados de tarifas,ANTT/dados-dos-pracas-de-pedagio2_2026.csv
br_antt_057_eco050_uberaba,MG,ANTT,federal,ECO050,,,UBERABA,praca_fisica,BR-50,104.98,Uberaba,Crescente/Decrescente,-19.18000000,-48.16000000,7.90,15.80,23.70,31.60,39.50,47.40,55.30,63.20,71.10,ativo,cobranca_confirmada,true,alta,alta,ANTT/dados de tarifas,ANTT/dados-dos-pracas-de-pedagio2_2026.csv
br_antt_136_pantanal_mundo_novo,MS,ANTT,federal,PANTANAL,,,P1-Mundo Novo,praca_fisica,BR-163,28.2,Mundo Novo,Crescente/Decrescente,-23.86516900,-54.32978800,6.50,13.00,19.50,26.00,32.50,39.00,45.50,52.00,58.50,ativo,cobranca_confirmada,true,alta,alta,ANTT/dados de tarifas,ANTT/dados-dos-pracas-de-pedagio2_2026.csv
br_antt_134_pantanal_itaquirai,MS,ANTT,federal,PANTANAL,,,P2-Itaquirai,praca_fisica,BR-163,113.0,Itaquiraí,Crescente/Decrescente,-23.16743200,-54.19897000,8.90,17.80,26.70,35.60,44.50,53.40,62.30,71.20,80.10,ativo,cobranca_confirmada,true,alta,alta,ANTT/dados de tarifas,ANTT/dados-dos-pracas-de-pedagio2_2026.csv
br_antt_132_pantanal_caarapo,MS,ANTT,federal,PANTANAL,,,P3-Caarapó,praca_fisica,BR-163,228.2,Caarapó,Crescente/Decrescente,-22.47604200,-54.86079900,8.90,17.80,26.70,35.60,44.50,53.40,62.30,71.20,80.10,ativo,cobranca_confirmada,true,alta,alta,ANTT/dados de tarifas,ANTT/dados-dos-pracas-de-pedagio2_2026.csv
br_antt_137_pantanal_rio_brilhante,MS,ANTT,federal,PANTANAL,,,P4-Rio Brilhante,praca_fisica,BR-163,313.5,Rio Brilhante,Crescente/Decrescente,-21.86514600,-54.52850400,9.10,18.20,27.30,36.40,45.50,54.60,63.70,72.80,81.90,ativo,cobranca_confirmada,true,alta,alta,ANTT/dados de tarifas,ANTT/dados-dos-pracas-de-pedagio2_2026.csv
br_antt_133_pantanal_campo_grande,MS,ANTT,federal,PANTANAL,,,P5-Campo Grande,praca_fisica,BR-163,431.8,Campo Grande,Crescente/Decrescente,-20.88278300,-54.50464400,10.00,20.00,30.00,40.00,50.00,60.00,70.00,80.00,90.00,ativo,cobranca_confirmada,true,alta,alta,ANTT/dados de tarifas,ANTT/dados-dos-pracas-de-pedagio2_2026.csv
br_antt_135_pantanal_jaraguari,MS,ANTT,federal,PANTANAL,,,P6-Jaraguari,praca_fisica,BR-163,533.8,Jaraguari,Crescente/Decrescente,-20.04000000,-54.41000000,7.80,15.60,23.40,31.20,39.00,46.80,54.60,62.40,70.20,ativo,cobranca_confirmada,true,alta,alta,ANTT/dados de tarifas,ANTT/dados-dos-pracas-de-pedagio2_2026.csv
br_antt_139_pantanal_sao_gabriel,MS,ANTT,federal,PANTANAL,,,P7-São Gabriel,praca_fisica,BR-163,605.0,São Gabriel do Oeste,Crescente/Decrescente,-19.47337600,-54.49699100,7.50,15.00,22.50,30.00,37.50,45.00,52.50,60.00,67.50,ativo,cobranca_confirmada,true,alta,alta,ANTT/dados de tarifas,ANTT/dados-dos-pracas-de-pedagio2_2026.csv
br_antt_138_pantanal_rio_verde,MS,ANTT,federal,PANTANAL,,,P8-Rio Verde,praca_fisica,BR-163,704.3,Rio Verde de Mato Grosso,Crescente/Decrescente,-18.72278200,-54.81495100,10.00,20.00,30.00,40.00,50.00,60.00,70.00,80.00,90.00,ativo,cobranca_confirmada,true,alta,alta,ANTT/dados de tarifas,ANTT/dados-dos-pracas-de-pedagio2_2026.csv
br_antt_140_pantanal_sonora,MS,ANTT,federal,PANTANAL,,,P9-Sonora,praca_fisica,BR-163,819.2,Sonora,Crescente/Decrescente,-17.76667100,-54.75081500,7.40,14.80,22.20,29.60,37.00,44.40,51.80,59.20,66.60,ativo,cobranca_confirmada,true,alta,alta,ANTT/dados de tarifas,ANTT/dados-dos-pracas-de-pedagio2_2026.csv
br_antt_047_cro_,MT,ANTT,federal,CRO,,,P1,praca_fisica,BR-163,33.6,Itiquira,Crescente/Decrescente,-17.21939100,-54.75868500,6.00,12.00,18.00,24.00,30.00,36.00,42.00,48.00,54.00,ativo,cobranca_confirmada,true,alta,alta,ANTT/dados de tarifas,ANTT/dados-dos-pracas-de-pedagio2_2026.csv
br_antt_228_via_brasil_claudia,MT,ANTT,federal,VIA BRASIL,,,P1 - Claúdia,praca_fisica,BR-163,897.0,Cláudia,Crescente/Decrescente,-11.33921800,-55.33122200,10.40,20.80,31.20,41.60,52.00,62.40,72.80,83.20,93.60,ativo,cobranca_confirmada,true,alta,alta,ANTT/dados de tarifas,ANTT/dados-dos-pracas-de-pedagio2_2026.csv
br_antt_052_cro_,MT,ANTT,federal,CRO,,,P2,praca_fisica,BR-364,214.4,Rondonópolis,Crescente/Decrescente,-16.39356500,-54.71428100,6.70,13.40,20.10,26.80,33.50,40.20,46.90,53.60,60.30,ativo,cobranca_confirmada,true,alta,alta,ANTT/dados de tarifas,ANTT/dados-dos-pracas-de-pedagio2_2026.csv
br_antt_227_via_brasil_guaranta,MT,ANTT,federal,VIA BRASIL,,,P2 - Guarantã do Norte,praca_fisica,BR-163,1089.45,Terra Nova do Norte,Crescente/Decrescente,-9.75647300,-54.89443000,10.40,20.80,31.20,41.60,52.00,62.40,72.80,83.20,93.60,ativo,cobranca_confirmada,true,alta,alta,ANTT/dados de tarifas,ANTT/dados-dos-pracas-de-pedagio2_2026.csv
br_antt_046_cro_,MT,ANTT,federal,CRO,,,P3 ,praca_fisica,BR-364,316.55,Campo Verde,Crescente/Decrescente,-15.81000000,-55.31000000,5.50,11.00,16.50,22.00,27.50,33.00,38.50,44.00,49.50,ativo,cobranca_confirmada,true,alta,alta,ANTT/dados de tarifas,ANTT/dados-dos-pracas-de-pedagio2_2026.csv
br_antt_053_cro_,MT,ANTT,federal,CRO,,,P4,praca_fisica,BR-364,383.1,Santo Antônio de Leverger,Crescente/Decrescente,-15.70204100,-55.82952700,5.50,11.00,16.50,22.00,27.50,33.00,38.50,44.00,49.50,ativo,cobranca_confirmada,true,alta,alta,ANTT/dados de tarifas,ANTT/dados-dos-pracas-de-pedagio2_2026.csv
br_antt_048_cro_,MT,ANTT,federal,CRO,,,P5,praca_fisica,BR-364,479.1,Jangada,Crescente/Decrescente,-15.34987500,-56.41562800,7.20,14.40,21.60,28.80,36.00,43.20,50.40,57.60,64.80,ativo,cobranca_confirmada,true,alta,alta,ANTT/dados de tarifas,ANTT/dados-dos-pracas-de-pedagio2_2026.csv
br_antt_050_cro_,MT,ANTT,federal,CRO,,,P6,praca_fisica,BR-364,579.1,Nobres,Crescente/Decrescente,-14.59972800,-56.24085800,6.10,12.20,18.30,24.40,30.50,36.60,42.70,48.80,54.90,ativo,cobranca_confirmada,true,alta,alta,ANTT/dados de tarifas,ANTT/dados-dos-pracas-de-pedagio2_2026.csv
br_antt_051_cro_,MT,ANTT,federal,CRO,,,P7,praca_fisica,BR-163,586.9,Nova Mutum,Crescente/Decrescente,-13.91952000,-56.09341900,5.00,10.00,15.00,20.00,25.00,30.00,35.00,40.00,45.00,ativo,cobranca_confirmada,true,alta,alta,ANTT/dados de tarifas,ANTT/dados-dos-pracas-de-pedagio2_2026.csv
br_antt_049_cro_,MT,ANTT,federal,CRO,,,P8,praca_fisica,BR-163,664.45,Lucas do Rio Verde,Crescente/Decrescente,-13.26599000,-56.02277700,6.40,12.80,19.20,25.60,32.00,38.40,44.80,51.20,57.60,ativo,cobranca_confirmada,true,alta,alta,ANTT/dados de tarifas,ANTT/dados-dos-pracas-de-pedagio2_2026.csv
br_antt_054_cro_,MT,ANTT,federal,CRO,,,P9,praca_fisica,BR-163,766.7,Sorriso,Crescente/Decrescente,-12.44163500,-55.65379800,9.00,18.00,27.00,36.00,45.00,54.00,63.00,72.00,81.00,ativo,cobranca_confirmada,true,alta,alta,ANTT/dados de tarifas,ANTT/dados-dos-pracas-de-pedagio2_2026.csv
br_antt_229_via_brasil_trairao,PA,ANTT,federal,VIA BRASIL,,,P3 - Trairão,praca_fisica,BR-163,636.015,Trairão,Crescente/Decrescente,-4.62059400,-55.95138100,75.20,150.40,225.60,300.80,376.00,451.20,526.40,601.60,676.80,ativo,cobranca_confirmada,true,alta,alta,ANTT/dados de tarifas,ANTT/dados-dos-pracas-de-pedagio2_2026.csv
br_antt_026_autopista_regis_bittencourt_campina_grande,PR,ANTT,federal,AUTOPISTA REGIS BITTENCOURT,,,Campina Grande do Sul,praca_fisica,BR-116,57.1,Campina Grande do Sul,Crescente/Decrescente,-25.28925200,-48.93384100,4.30,8.60,12.90,17.20,21.50,25.80,30.10,34.40,38.70,ativo,cobranca_confirmada,true,alta,alta,ANTT/dados de tarifas,ANTT/dados-dos-pracas-de-pedagio2_2026.csv
br_antt_025_autopista_planalto_fazenda_rio_grande,PR,ANTT,federal,AUTOPISTA PLANALTO SUL,,,FAZENDA RIO GRANDE,praca_fisica,BR-116,134.4,Fazenda Rio Grande,Crescente/Decrescente,-25.71345800,-49.31803700,8.70,17.40,26.10,34.80,43.50,52.20,60.90,69.60,78.30,ativo,cobranca_confirmada,true,alta,alta,ANTT/dados de tarifas,ANTT/dados-dos-pracas-de-pedagio2_2026.csv
br_antt_144_prvias_free_flow_maua_serra,PR,ANTT,federal,PRVIAS,,,FREE FLOW P2 MAUÁ DA SERRA,portico_free_flow,BR-376,294.8,Mauá da Serra,Crescente/Decrescente,-23.90577300,-51.19927300,12.80,25.60,38.40,51.20,64.00,76.80,89.60,102.40,115.20,ativo,cobranca_confirmada,true,alta,alta,ANTT/dados de tarifas,ANTT/dados-dos-pracas-de-pedagio2_2026.csv
br_antt_143_prvias_free_flow_londrina,PR,ANTT,federal,PRVIAS,,,FREE FLOW P7 LONDRINA,portico_free_flow,445,2.47,Mauá da Serra,Crescente/Decrescente,-23.88928300,-51.18366400,12.40,24.80,37.20,49.60,62.00,74.40,86.80,99.20,111.60,ativo,cobranca_confirmada,true,alta,alta,ANTT/dados de tarifas,ANTT/dados-dos-pracas-de-pedagio2_2026.csv
br_antt_142_prvias_sertaneja,PR,ANTT,federal,PRVIAS,,,P01 SERTANEJA,praca_fisica,323,2.97,Sertaneja,Crescente/Decrescente,-22.91560100,-50.81721200,11.80,23.60,35.40,47.20,59.00,70.80,82.60,94.40,106.20,ativo,cobranca_confirmada,true,alta,alta,ANTT/dados de tarifas,ANTT/dados-dos-pracas-de-pedagio2_2026.csv
br_antt_118_pioneiro_sao_jose_pinhais,PR,ANTT,federal,LITORAL PIONEIRO,,,P01 SÃO JOSÉ DOS PINHAIS,praca_fisica,BR-277,60.25,São José dos Pinhais,Crescente/Decrescente,-25.55000000,-49.04000000,24.00,48.00,72.00,96.00,120.00,144.00,168.00,192.00,216.00,ativo,cobranca_confirmada,true,alta,alta,ANTT/dados de tarifas,ANTT/dados-dos-pracas-de-pedagio2_2026.csv
br_antt_222_via_araucaria_sao_luiz_puruna,PR,ANTT,federal,VIA ARAUCÁRIA,,,P01 São Luiz do Purunã,praca_fisica,BR-277,140.0,Balsa Nova,Crescente/Decrescente,-25.47000000,-49.66000000,9.30,18.60,27.90,37.20,46.50,55.80,65.10,74.40,83.70,ativo,cobranca_confirmada,true,alta,alta,ANTT/dados de tarifas,ANTT/dados-dos-pracas-de-pedagio2_2026.csv
br_antt_106_epr_iguacu_prudentropolis,PR,ANTT,federal,EPR IGUAÇU,,,P02 PRUDENTROPOLIS,praca_fisica,BR-277,308.29,Prudentópolis,Crescente/Decrescente,-25.30961100,-51.16832500,16.70,33.40,50.10,66.80,83.50,100.20,116.90,133.60,150.30,ativo,cobranca_confirmada,true,alta,alta,ANTT/dados de tarifas,ANTT/dados-dos-pracas-de-pedagio2_2026.csv
br_antt_225_via_araucaria_porto_amazonas,PR,ANTT,federal,VIA ARAUCÁRIA,,,P02 Porto Amazonas,praca_fisica,BR-277,165.7,Porto Amazonas,Crescente/Decrescente,-25.47000000,-49.90000000,11.70,23.40,35.10,46.80,58.50,70.20,81.90,93.60,105.30,ativo,cobranca_confirmada,true,alta,alta,ANTT/dados de tarifas,ANTT/dados-dos-pracas-de-pedagio2_2026.csv
br_antt_117_pioneiro_senges,PR,ANTT,federal,LITORAL PIONEIRO,,,P02 SENGES,praca_fisica,151,187.7,Sengés,Crescente/Decrescente,-24.12305600,-49.54388900,7.70,15.40,23.10,30.80,38.50,46.20,53.90,61.60,69.30,ativo,cobranca_confirmada,true,alta,alta,ANTT/dados de tarifas,ANTT/dados-dos-pracas-de-pedagio2_2026.csv
br_antt_109_epr_iguacu_candoi,PR,ANTT,federal,EPR IGUAÇU,,,P03 CANDOI,praca_fisica,BR-277,393.04,Candói,Crescente/Decrescente,-25.44373100,-51.85906400,16.10,32.20,48.30,64.40,80.50,96.60,112.70,128.80,144.90,ativo,cobranca_confirmada,true,alta,alta,ANTT/dados de tarifas,ANTT/dados-dos-pracas-de-pedagio2_2026.csv
br_antt_224_via_araucaria_irati,PR,ANTT,federal,VIA ARAUCÁRIA,,,P03 Irati,praca_fisica,BR-277,256.1,Irati,Crescente/Decrescente,-25.44000000,-50.72000000,10.90,21.80,32.70,43.60,54.50,65.40,76.30,87.20,98.10,ativo,cobranca_confirmada,true,alta,alta,ANTT/dados de tarifas,ANTT/dados-dos-pracas-de-pedagio2_2026.csv
br_antt_115_pioneiro_jacarezinho,PR,ANTT,federal,LITORAL PIONEIRO,,,P03 JACAREZINHO,praca_fisica,BR-369,1.4,Jacarezinho,Crescente/Decrescente,-23.00388800,-49.90972200,12.80,25.60,38.40,51.20,64.00,76.80,89.60,102.40,115.20,ativo,cobranca_confirmada,true,alta,alta,ANTT/dados de tarifas,ANTT/dados-dos-pracas-de-pedagio2_2026.csv
br_antt_145_prvias_ortigueira,PR,ANTT,federal,PRVIAS,,,P03 ORTIGUEIRA,praca_fisica,BR-376,316.35,Ortigueira,Crescente/Decrescente,-24.03439900,-51.08900800,12.80,25.60,38.40,51.20,64.00,76.80,89.60,102.40,115.20,ativo,cobranca_confirmada,true,alta,alta,ANTT/dados de tarifas,ANTT/dados-dos-pracas-de-pedagio2_2026.csv
br_antt_146_prvias_imbau,PR,ANTT,federal,PRVIAS,,,P04 IMBAÚ,praca_fisica,BR-376,370.95,Ortigueira,Crescente/Decrescente,-24.38217800,-50.79030100,12.80,25.60,38.40,51.20,64.00,76.80,89.60,102.40,115.20,ativo,cobranca_confirmada,true,alta,alta,ANTT/dados de tarifas,ANTT/dados-dos-pracas-de-pedagio2_2026.csv
br_antt_223_via_araucaria_imbituva,PR,ANTT,federal,VIA ARAUCÁRIA,,,P04 Imbituva,praca_fisica,BR-373,216.0,Imbituva,Crescente/Decrescente,-25.16000000,-50.54000000,10.70,21.40,32.10,42.80,53.50,64.20,74.90,85.60,96.30,ativo,cobranca_confirmada,true,alta,alta,ANTT/dados de tarifas,ANTT/dados-dos-pracas-de-pedagio2_2026.csv
br_antt_108_epr_iguacu_laranjeiras,PR,ANTT,federal,EPR IGUAÇU,,,P04 LARANJEIRAS DO SUL,praca_fisica,BR-277,468.11,Laranjeiras do Sul,Crescente/Decrescente,-25.34648600,-52.49119200,15.20,30.40,45.60,60.80,76.00,91.20,106.40,121.60,136.80,ativo,cobranca_confirmada,true,alta,alta,ANTT/dados de tarifas,ANTT/dados-dos-pracas-de-pedagio2_2026.csv
br_antt_112_pioneiro_carambei,PR,ANTT,federal,LITORAL PIONEIRO,,,P05 CARAMBEÍ,praca_fisica,151,304.25,Carambeí,Crescente/Decrescente,-24.91222200,-50.08638800,12.10,24.20,36.30,48.40,60.50,72.60,84.70,96.80,108.90,ativo,cobranca_confirmada,true,alta,alta,ANTT/dados de tarifas,ANTT/dados-dos-pracas-de-pedagio2_2026.csv
br_antt_110_epr_iguacu_cascavel,PR,ANTT,federal,EPR IGUAÇU,,,P05 CASCAVEL,praca_fisica,BR-277,571.34,Cascavel,Crescente/Decrescente,-25.02174200,-53.27877200,15.10,30.20,45.30,60.40,75.50,90.60,105.70,120.80,135.90,ativo,cobranca_confirmada,true,alta,alta,ANTT/dados de tarifas,ANTT/dados-dos-pracas-de-pedagio2_2026.csv
br_antt_226_via_araucaria_lapa,PR,ANTT,federal,VIA ARAUCÁRIA,,,P05 Lapa,praca_fisica,BR-476,191.42,Lapa,Crescente/Decrescente,-25.72566400,-49.69999200,12.30,24.60,36.90,49.20,61.50,73.80,86.10,98.40,110.70,ativo,cobranca_confirmada,true,alta,alta,ANTT/dados de tarifas,ANTT/dados-dos-pracas-de-pedagio2_2026.csv
br_antt_141_prvias_tibagi,PR,ANTT,federal,PRVIAS,,,P05 TIBAGI,praca_fisica,BR-376,448.55,Tibagi,Crescente/Decrescente,-24.92369500,-50.40904400,12.80,25.60,38.40,51.20,64.00,76.80,89.60,102.40,115.20,ativo,cobranca_confirmada,true,alta,alta,ANTT/dados de tarifas,ANTT/dados-dos-pracas-de-pedagio2_2026.csv
br_antt_111_epr_iguacu_ceu_azul,PR,ANTT,federal,EPR IGUAÇU,,,P06 CÉU AZUL,praca_fisica,BR-277,615.34,Céu Azul,Crescente/Decrescente,-25.08411900,-53.71355300,15.20,30.40,45.60,60.80,76.00,91.20,106.40,121.60,136.80,ativo,cobranca_confirmada,true,alta,alta,ANTT/dados de tarifas,ANTT/dados-dos-pracas-de-pedagio2_2026.csv
br_antt_116_pioneiro_jaguariaiva,PR,ANTT,federal,LITORAL PIONEIRO,,,P06 JAGUARIAÍVA,praca_fisica,151,223.1,Jaguariaíva,Crescente/Decrescente,-24.31916600,-49.77861100,8.00,16.00,24.00,32.00,40.00,48.00,56.00,64.00,72.00,ativo,cobranca_confirmada,true,alta,alta,ANTT/dados de tarifas,ANTT/dados-dos-pracas-de-pedagio2_2026.csv
br_antt_147_prvias_witmarsum,PR,ANTT,federal,PRVIAS,,,P06 WITMARSUM,praca_fisica,BR-376,529.85,Palmeira,Crescente/Decrescente,-25.34697400,-49.84306500,12.00,24.00,36.00,48.00,60.00,72.00,84.00,96.00,108.00,ativo,cobranca_confirmada,true,alta,alta,ANTT/dados de tarifas,ANTT/dados-dos-pracas-de-pedagio2_2026.csv
br_antt_119_pioneiro_quatigua,PR,ANTT,federal,LITORAL PIONEIRO,,,P07 QUATIGUÁ,praca_fisica,092,286.74,Siqueira Campos,Crescente/Decrescente,-24.64373900,-49.84066900,13.80,27.60,41.40,55.20,69.00,82.80,96.60,110.40,124.20,ativo,cobranca_confirmada,true,alta,alta,ANTT/dados de tarifas,ANTT/dados-dos-pracas-de-pedagio2_2026.csv
br_antt_107_epr_iguacu_sao_miquel_iguacu,PR,ANTT,federal,EPR IGUAÇU,,,P07 SÃO MIQUEL DO IGUAÇU,praca_fisica,BR-277,706.07,São Miguel do Iguaçu,Crescente/Decrescente,-25.42699400,-54.36408600,17.40,34.80,52.20,69.60,87.00,104.40,121.80,139.20,156.60,ativo,cobranca_confirmada,true,alta,alta,ANTT/dados de tarifas,ANTT/dados-dos-pracas-de-pedagio2_2026.csv
br_antt_113_pioneiro_jacarezinho_aux_i,PR,ANTT,federal,LITORAL PIONEIRO,,,P08 JACAREZINHO AUX I,praca_fisica,Acesso para SP-278,1.653,Jacarezinho,Crescente/Decrescente,-23.00861100,-49.90638800,12.80,25.60,38.40,51.20,64.00,76.80,89.60,102.40,115.20,ativo,cobranca_confirmada,true,alta,alta,ANTT/dados de tarifas,ANTT/dados-dos-pracas-de-pedagio2_2026.csv
br_antt_114_pioneiro_jacarezinho_aux_ii,PR,ANTT,federal,LITORAL PIONEIRO,,,P09 JACAREZINHO AUX II,praca_fisica,Saída para BR-153,1.698,Jacarezinho,Crescente/Decrescente,-23.00833300,-49.90638800,12.80,25.60,38.40,51.20,64.00,76.80,89.60,102.40,115.20,ativo,cobranca_confirmada,true,alta,alta,ANTT/dados de tarifas,ANTT/dados-dos-pracas-de-pedagio2_2026.csv
br_antt_016_autopista_,PR,ANTT,federal,AUTOPISTA LITORAL SUL,,,P1,praca_fisica,BR-376,635.3,São José dos Pinhais,Crescente/Decrescente,-25.74770800,-49.12965500,5.70,11.40,17.10,22.80,28.50,34.20,39.90,45.60,51.30,ativo,cobranca_confirmada,true,alta,alta,ANTT/dados de tarifas,ANTT/dados-dos-pracas-de-pedagio2_2026.csv
br_antt_024_autopista_planalto_rio_negro,PR,ANTT,federal,AUTOPISTA PLANALTO SUL,,,RIO NEGRO,praca_fisica,BR-116,204.1,Rio Negro,Crescente/Decrescente,-26.07058000,-49.73991100,8.70,17.40,26.10,34.80,43.50,52.20,60.90,69.60,78.30,ativo,cobranca_confirmada,true,alta,alta,ANTT/dados de tarifas,ANTT/dados-dos-pracas-de-pedagio2_2026.csv
pr_epr_parana_l4_p05_norte,PR,ANTT,federal,EPR Paraná / EPR 5 Participações S.A.,Lote 04,P05-N,P5 Presidente Castelo Branco - norte,portico_free_flow,BR-376,151,Presidente Castelo Branco,norte,-23.29230400,-52.12791100,13.50,27.00,40.50,54.00,67.50,81.00,94.50,108.00,121.50,ativo,cobranca_confirmada,true,alta,media,ANTT/EPR Paraná,EPR Paraná/km oficial ; export (22) OSM estrutura do Pedágio Presidente Castelo Branco + validação manual no Google Maps pelo usuário
pr_epr_parana_l4_p05_sul,PR,ANTT,federal,EPR Paraná / EPR 5 Participações S.A.,Lote 04,P05-S,P5 Presidente Castelo Branco - sul,portico_free_flow,BR-376,145,Presidente Castelo Branco,sul,-23.29220450,-52.12788510,13.50,27.00,40.50,54.00,67.50,81.00,94.50,108.00,121.50,ativo,cobranca_confirmada,true,alta,media,ANTT/EPR Paraná,EPR Paraná/km oficial ; export (22) OSM estrutura do Pedágio Presidente Castelo Branco + validação manual no Google Maps pelo usuário
pr_epr_parana_l4_p06_leste,PR,ANTT,federal,EPR Paraná / EPR 5 Participações S.A.,Lote 04,P06-L,P6 Mandaguari/Marialva - leste,portico_free_flow,BR-376,200,Mandaguari/Marialva,leste,-23.50577440,-51.73923190,9.90,19.80,29.70,39.60,49.50,59.40,69.30,79.20,89.10,ativo,cobranca_confirmada,true,alta,media,ANTT/EPR Paraná,EPR Paraná/km oficial ; export (22) OSM estrutura do Pedágio Marialva + validação manual no Google Maps pelo usuário
pr_epr_parana_l4_p06_oeste,PR,ANTT,federal,EPR Paraná / EPR 5 Participações S.A.,Lote 04,P06-O,P6 Mandaguari/Marialva - oeste,portico_free_flow,BR-376,196,Mandaguari/Marialva,oeste,-23.50560120,-51.73918400,9.90,19.80,29.70,39.60,49.50,59.40,69.30,79.20,89.10,ativo,cobranca_confirmada,true,alta,media,ANTT/EPR Paraná,EPR Paraná/km oficial ; export (22) OSM estrutura do Pedágio Marialva + validação manual no Google Maps pelo usuário
pr_epr_parana_l4_p07_leste,PR,ANTT,federal,EPR Paraná / EPR 5 Participações S.A.,Lote 04,P07-L,P7 Arapongas/Rolândia - leste,portico_free_flow,BR-369,179,Arapongas/Rolândia,leste,-23.36105610,-51.39911050,10.50,21.00,31.50,42.00,52.50,63.00,73.50,84.00,94.50,ativo,cobranca_confirmada,true,alta,media,ANTT/EPR Paraná,EPR Paraná/km oficial ; export (22) OSM estrutura do Pedágio Arapongas + validação manual no Google Maps pelo usuário
pr_epr_parana_l4_p07_oeste,PR,ANTT,federal,EPR Paraná / EPR 5 Participações S.A.,Lote 04,P07-O,P7 Arapongas/Rolândia - oeste,portico_free_flow,BR-369,179,Arapongas/Rolândia,oeste,-23.36081980,-51.39935910,10.50,21.00,31.50,42.00,52.50,63.00,73.50,84.00,94.50,ativo,cobranca_confirmada,true,alta,media,ANTT/EPR Paraná,EPR Paraná/km oficial ; export (22) OSM estrutura do Pedágio Arapongas + validação manual no Google Maps pelo usuário
pr_epr_parana_l4_p08_leste,PR,ANTT,federal,EPR Paraná / EPR 5 Participações S.A.,Lote 04,P08-L,P8 Jataizinho - leste,portico_free_flow,BR-369,126,Jataizinho,leste,-23.27914310,-50.96011600,17.10,34.20,51.30,68.40,85.50,102.60,119.70,136.80,153.90,ativo,cobranca_confirmada,true,alta,media,ANTT/EPR Paraná,OSM Overpass export (6).geojson + EPR Paraná tarifas/pórticos
pr_epr_parana_l4_p08_oeste,PR,ANTT,federal,EPR Paraná / EPR 5 Participações S.A.,Lote 04,P08-O,P8 Jataizinho - oeste,portico_free_flow,BR-369,126,Jataizinho,oeste,-23.27902000,-50.95990270,17.10,34.20,51.30,68.40,85.50,102.60,119.70,136.80,153.90,ativo,cobranca_confirmada,true,alta,media,ANTT/EPR Paraná,OSM Overpass export (6).geojson + EPR Paraná tarifas/pórticos
br_antt_217_rodovia_aco_barra_pirai,RJ,ANTT,federal,RODOVIA DO AÇO,,,BARRA DA PIRAI,praca_fisica,BR-393,265.2,Barra do Piraí,Crescente/Decrescente,-22.48543500,-43.91908400,6.50,13.00,19.50,26.00,32.50,39.00,45.50,52.00,58.50,ativo,cobranca_confirmada,true,alta,alta,ANTT/dados de tarifas,ANTT/dados-dos-pracas-de-pedagio2_2026.csv
br_antt_013_autopista_fluminense_casimiro_abreu,RJ,ANTT,federal,AUTOPISTA FLUMINENSE,,,Casimiro de Abreu,praca_fisica,BR-101,192.82,Casimiro de Abreu,Crescente/Decrescente,-22.47644100,-42.08851900,7.50,15.00,22.50,30.00,37.50,45.00,52.50,60.00,67.50,ativo,cobranca_confirmada,true,alta,alta,ANTT/dados de tarifas,ANTT/dados-dos-pracas-de-pedagio2_2026.csv
br_antt_012_autopista_fluminense_conselheiro_josino,RJ,ANTT,federal,AUTOPISTA FLUMINENSE,,,Conselheiro Josino,praca_fisica,BR-101,40.5,Campos dos Goytacazes,Crescente/Decrescente,-21.55259400,-41.33159700,7.50,15.00,22.50,30.00,37.50,45.00,52.50,60.00,67.50,ativo,cobranca_confirmada,true,alta,alta,ANTT/dados de tarifas,ANTT/dados-dos-pracas-de-pedagio2_2026.csv
br_antt_157_riosp_free_flow_itaguai,RJ,ANTT,federal,RIOSP,,,Free Flow Itaguaí,portico_free_flow,BR-101,414.9,Itaguaí,Crescente/Decrescente,-22.91000000,-43.89000000,4.80,9.60,14.40,19.20,24.00,28.80,33.60,38.40,43.20,ativo,cobranca_confirmada,true,alta,media,ANTT/dados de tarifas,ANTT/dados-dos-pracas-de-pedagio2_2026.csv
br_antt_160_riosp_free_flow_mangaratiba,RJ,ANTT,federal,RIOSP,,,Free Flow Mangaratiba,portico_free_flow,BR-101,447.3,Mangaratiba,Crescente/Decrescente,-23.00632000,-44.09913500,4.80,9.60,14.40,19.20,24.00,28.80,33.60,38.40,43.20,ativo,cobranca_confirmada,true,alta,media,ANTT/dados de tarifas,ANTT/dados-dos-pracas-de-pedagio2_2026.csv
br_antt_156_riosp_free_flow_paraty,RJ,ANTT,federal,RIOSP,,,Free Flow Paraty,portico_free_flow,BR-101,538.5,Paraty,Crescente/Decrescente,-23.05000000,-44.58000000,4.80,9.60,14.40,19.20,24.00,28.80,33.60,38.40,43.20,ativo,cobranca_confirmada,true,alta,media,ANTT/dados de tarifas,ANTT/dados-dos-pracas-de-pedagio2_2026.csv
br_antt_158_riosp_itatiaia,RJ,ANTT,federal,RIOSP,,,Itatiaia Norte,praca_fisica,BR-116,324.8,Itatiaia,Decrescente,-22.49000000,-44.57000000,14.50,29.00,43.50,58.00,72.50,87.00,101.50,116.00,130.50,ativo,cobranca_confirmada,true,alta,media,ANTT/dados de tarifas,ANTT/dados-dos-pracas-de-pedagio2_2026.csv
br_antt_159_riosp_itatiaia,RJ,ANTT,federal,RIOSP,,,Itatiaia Sul,praca_fisica,BR-116,324.8,Itatiaia,Crescente,-22.49000000,-44.57000000,14.50,29.00,43.50,58.00,72.50,87.00,101.50,116.00,130.50,ativo,cobranca_confirmada,true,alta,media,ANTT/dados de tarifas,ANTT/dados-dos-pracas-de-pedagio2_2026.csv
br_antt_089_ecovias_ponte_niteroi,RJ,ANTT,federal,ECOVIAS PONTE,,,NITEROÍ-1,praca_fisica,BR-101,322.23,Niterói,Decrescente,-22.87794400,-43.11573400,6.20,12.40,18.60,24.80,31.00,37.20,43.40,49.60,55.80,ativo,cobranca_confirmada,true,alta,alta,ANTT/dados de tarifas,ANTT/dados-dos-pracas-de-pedagio2_2026.csv
br_antt_091_ecovias_rio_minas_santo_aleixo,RJ,ANTT,federal,ECOVIAS RIO MINAS,,,P03 Santo Aleixo,praca_fisica,BR-116,118.702,Magé,Crescente/Decrescente,-22.61081500,-43.03211200,20.20,40.40,60.60,80.80,101.00,121.20,141.40,161.60,181.80,ativo,cobranca_confirmada,true,alta,alta,ANTT/dados de tarifas,ANTT/dados-dos-pracas-de-pedagio2_2026.csv
br_antt_094_ecovias_rio_minas_viuva_graca,RJ,ANTT,federal,ECOVIAS RIO MINAS,,,P04 Viúva Graça,praca_fisica,BR-116,211.674,Seropédica,Crescente/Decrescente,-22.71627700,-43.71685800,17.20,34.40,51.60,68.80,86.00,103.20,120.40,137.60,154.80,ativo,cobranca_confirmada,true,alta,alta,ANTT/dados de tarifas,ANTT/dados-dos-pracas-de-pedagio2_2026.csv
br_antt_095_ecovias_rio_minas_viuva_graca,RJ,ANTT,federal,ECOVIAS RIO MINAS,,,P05 Viúva Graça (B),praca_fisica,BR-116,213.103,Seropédica,Crescente/Decrescente,-22.71521300,-43.73025200,17.20,34.40,51.60,68.80,86.00,103.20,120.40,137.60,154.80,ativo,cobranca_confirmada,true,alta,alta,ANTT/dados de tarifas,ANTT/dados-dos-pracas-de-pedagio2_2026.csv
br_antt_093_ecovias_rio_minas_itaguai,RJ,ANTT,federal,ECOVIAS RIO MINAS,,,P06 Itaguaí,praca_fisica,BR-493,112.7,Itaguaí,Crescente/Decrescente,-22.82083300,-43.80500000,11.00,22.00,33.00,44.00,55.00,66.00,77.00,88.00,99.00,ativo,cobranca_confirmada,true,alta,alta,ANTT/dados de tarifas,ANTT/dados-dos-pracas-de-pedagio2_2026.csv
br_antt_090_ecovias_rio_minas_mage,RJ,ANTT,federal,ECOVIAS RIO MINAS,,,P07 Magé,praca_fisica,BR-116,118.2,Magé,Crescente/Decrescente,-22.60722200,-43.02861100,20.20,40.40,60.60,80.80,101.00,121.20,141.40,161.60,181.80,ativo,cobranca_confirmada,true,alta,alta,ANTT/dados de tarifas,ANTT/dados-dos-pracas-de-pedagio2_2026.csv
br_antt_092_ecovias_rio_minas_guapimirim,RJ,ANTT,federal,ECOVIAS RIO MINAS,,,P08 Guapimirim,praca_fisica,BR-493,13.86,Guapimirim,Crescente/Decrescente,-22.67000000,-42.98000000,21.00,42.00,63.00,84.00,105.00,126.00,147.00,168.00,189.00,ativo,cobranca_confirmada,true,alta,alta,ANTT/dados de tarifas,ANTT/dados-dos-pracas-de-pedagio2_2026.csv
br_antt_043_concer_,RJ,ANTT,federal,CONCER,,,P1,praca_fisica,BR-40,102.0,Duque de Caxias,Crescente/Decrescente,-22.60996500,-43.28555200,14.50,29.00,43.50,58.00,72.50,87.00,101.50,116.00,130.50,ativo,cobranca_confirmada,true,alta,alta,ANTT/dados de tarifas,ANTT/dados-dos-pracas-de-pedagio2_2026.csv
br_antt_104_elovias_,RJ,ANTT,federal,ELOVIAS,,,P1,praca_fisica,BR-40,101.825,Duque de Caxias,Crescente/Decrescente,-22.61020600,-43.28570800,21.00,42.00,63.00,84.00,105.00,126.00,147.00,168.00,189.00,ativo,cobranca_confirmada,true,alta,alta,ANTT/dados de tarifas,ANTT/dados-dos-pracas-de-pedagio2_2026.csv
br_antt_044_concer_,RJ,ANTT,federal,CONCER,,,P2,praca_fisica,BR-40,45.5,Areal,Crescente/Decrescente,-22.28438900,-43.12026900,14.50,29.00,43.50,58.00,72.50,87.00,101.50,116.00,130.50,ativo,cobranca_confirmada,true,alta,alta,ANTT/dados de tarifas,ANTT/dados-dos-pracas-de-pedagio2_2026.csv
br_antt_105_elovias_,RJ,ANTT,federal,ELOVIAS,,,P2,praca_fisica,BR-40,45.819,Petrópolis,Crescente/Decrescente,-22.28438900,-43.12026900,21.00,42.00,63.00,84.00,105.00,126.00,147.00,168.00,189.00,ativo,cobranca_confirmada,true,alta,alta,ANTT/dados de tarifas,ANTT/dados-dos-pracas-de-pedagio2_2026.csv
br_antt_215_rodovia_aco_paraiba,RJ,ANTT,federal,RODOVIA DO AÇO,,,PARAÍBA DO SUL,praca_fisica,BR-393,195.2,Paraíba do Sul,Crescente/Decrescente,-22.20891100,-43.38213900,6.50,13.00,19.50,26.00,32.50,39.00,45.50,52.00,58.50,ativo,cobranca_confirmada,true,alta,alta,ANTT/dados de tarifas,ANTT/dados-dos-pracas-de-pedagio2_2026.csv
br_antt_014_autopista_fluminense_rio_bonito,RJ,ANTT,federal,AUTOPISTA FLUMINENSE,,,Rio Bonito,praca_fisica,BR-101,252.85,Rio Bonito,Crescente/Decrescente,-22.68746900,-42.53985500,7.50,15.00,22.50,30.00,37.50,45.00,52.50,60.00,67.50,ativo,cobranca_confirmada,true,alta,alta,ANTT/dados de tarifas,ANTT/dados-dos-pracas-de-pedagio2_2026.csv
br_antt_216_rodovia_aco_sapucaia,RJ,ANTT,federal,RODOVIA DO AÇO,,,SAPUCAIA,praca_fisica,BR-393,125.7,Sapucaia,Crescente/Decrescente,-21.96232600,-42.86167500,6.50,13.00,19.50,26.00,32.50,39.00,45.50,52.00,58.50,ativo,cobranca_confirmada,true,alta,alta,ANTT/dados de tarifas,ANTT/dados-dos-pracas-de-pedagio2_2026.csv
br_antt_011_autopista_fluminense_serrinha,RJ,ANTT,federal,AUTOPISTA FLUMINENSE,,,Serrinha,praca_fisica,BR-101,123.07,Campos dos Goytacazes,Crescente/Decrescente,-22.04975000,-41.68515700,7.50,15.00,22.50,30.00,37.50,45.00,52.50,60.00,67.50,ativo,cobranca_confirmada,true,alta,alta,ANTT/dados de tarifas,ANTT/dados-dos-pracas-de-pedagio2_2026.csv
br_antt_015_autopista_fluminense_sao_goncalo,RJ,ANTT,federal,AUTOPISTA FLUMINENSE,,,São Gonçalo,praca_fisica,BR-101,299.69,São Gonçalo,Crescente,-22.77471300,-42.94550000,7.50,15.00,22.50,30.00,37.50,45.00,52.50,60.00,67.50,ativo,cobranca_confirmada,true,alta,alta,ANTT/dados de tarifas,ANTT/dados-dos-pracas-de-pedagio2_2026.csv
br_antt_152_riosp_viuvinha,RJ,ANTT,federal,RIOSP,,,Viuvinha Norte,praca_fisica,BR-116,208.6,Seropédica,Decrescente,-22.71513300,-43.73023900,4.80,9.60,14.40,19.20,24.00,28.80,33.60,38.40,43.20,ativo,cobranca_confirmada,true,alta,media,ANTT/dados de tarifas,ANTT/dados-dos-pracas-de-pedagio2_2026.csv
br_antt_151_riosp_viuva_graca,RJ,ANTT,federal,RIOSP,,,Viúva Graça Norte,praca_fisica,BR-116,207.1,Seropédica,Decrescente,-22.71615500,-43.71669700,4.80,9.60,14.40,19.20,24.00,28.80,33.60,38.40,43.20,ativo,cobranca_confirmada,true,alta,media,ANTT/dados de tarifas,ANTT/dados-dos-pracas-de-pedagio2_2026.csv
br_antt_122_nova_364_free_flow_candeias,RO,ANTT,federal,NOVA 364,,,Free Flow Candeias - P01,portico_free_flow,BR-364,686.9,Candeias do Jamari,Crescente/Decrescente,-8.79239800,-63.65053200,5.40,10.80,16.20,21.60,27.00,32.40,37.80,43.20,48.60,ativo,cobranca_confirmada,true,alta,alta,ANTT/dados de tarifas,ANTT/dados-dos-pracas-de-pedagio2_2026.csv
br_antt_120_nova_364_free_flow_itapua,RO,ANTT,federal,NOVA 364,,,Free Flow Itapuã - P02,portico_free_flow,BR-364,562.3,Alto Paraíso,Crescente/Decrescente,-9.53970000,-63.07670000,37.00,74.00,111.00,148.00,185.00,222.00,259.00,296.00,333.00,ativo,cobranca_confirmada,true,alta,alta,ANTT/dados de tarifas,ANTT/dados-dos-pracas-de-pedagio2_2026.csv
br_antt_126_nova_364_free_flow_jaru,RO,ANTT,federal,NOVA 364,,,Free Flow Jarú -  P03 ,portico_free_flow,BR-364,452.3,Theobroma,Crescente/Decrescente,-10.28717200,-62.67076400,19.30,38.60,57.90,77.20,96.50,115.80,135.10,154.40,173.70,ativo,cobranca_confirmada,true,alta,alta,ANTT/dados de tarifas,ANTT/dados-dos-pracas-de-pedagio2_2026.csv
br_antt_123_nova_364_free_flow_ouro_preto,RO,ANTT,federal,NOVA 364,,,Free Flow Ouro Preto  - P04,portico_free_flow,BR-364,399.3,Ouro Preto do Oeste,Crescente/Decrescente,-10.60810000,-62.33950000,25.00,50.00,75.00,100.00,125.00,150.00,175.00,200.00,225.00,ativo,cobranca_confirmada,true,alta,alta,ANTT/dados de tarifas,ANTT/dados-dos-pracas-de-pedagio2_2026.csv
br_antt_124_nova_364_free_flow_pimenta_bueno1,RO,ANTT,federal,NOVA 364,,,Free Flow Pimenta Bueno1 - P06,portico_free_flow,BR-364,221.3,Pimenta Bueno,Crescente/Decrescente,-11.52753400,-61.33399700,10.20,20.40,30.60,40.80,51.00,61.20,71.40,81.60,91.80,ativo,cobranca_confirmada,true,alta,alta,ANTT/dados de tarifas,ANTT/dados-dos-pracas-de-pedagio2_2026.csv
br_antt_125_nova_364_free_flow_pimenta_bueno2,RO,ANTT,federal,NOVA 364,,,Free Flow Pimenta Bueno2 - P07,portico_free_flow,BR-364,122.2,Pimenta Bueno,Crescente/Decrescente,-12.11080300,-60.74692500,35.40,70.80,106.20,141.60,177.00,212.40,247.80,283.20,318.60,ativo,cobranca_confirmada,true,alta,alta,ANTT/dados de tarifas,ANTT/dados-dos-pracas-de-pedagio2_2026.csv
br_antt_121_nova_364_free_flow_pres_medici,RO,ANTT,federal,NOVA 364,,,Free Flow Pres. Médici - P05,portico_free_flow,BR-364,272.4,Cacoal,Crescente/Decrescente,-11.38419300,-61.73566000,12.50,25.00,37.50,50.00,62.50,75.00,87.50,100.00,112.50,ativo,cobranca_confirmada,true,alta,alta,ANTT/dados de tarifas,ANTT/dados-dos-pracas-de-pedagio2_2026.csv
rs_csg_antonio,RS,CSG,estadual,CSG,,,Antônio Prado,portico_free_flow,ERS-122,"108,3",Antônio Prado,ambos,-28.94481946,-51.19399935,9.20,18.40,27.60,36.80,46.00,55.20,64.40,73.60,82.80,ativo,cobranca_confirmada,true,alta,media,fontes estaduais RS,fontes estaduais RS
rs_csg_capela,RS,CSG,estadual,CSG,,,Capela de Santana,portico_free_flow,ERS-240,"30,1",Capela de Santana,ambos,-29.67396389,-51.41711389,9.70,19.40,29.10,38.80,48.50,58.20,67.90,77.60,87.30,ativo,cobranca_confirmada,true,alta,media,fontes estaduais RS,fontes estaduais RS
rs_csg_carlos,RS,CSG,estadual,CSG,,,Carlos Barbosa,portico_free_flow,ERS-446,"6,5",Carlos Barbosa,ambos,-29.33798056,-51.41116944,10.60,21.20,31.80,42.40,53.00,63.60,74.20,84.80,95.40,ativo,cobranca_confirmada,true,alta,media,fontes estaduais RS,fontes estaduais RS
rs_csg_farroupilha,RS,CSG,estadual,CSG,,,Farroupilha,portico_free_flow,ERS-122,"45,5",Farroupilha,ambos,-29.32735833,-51.35432222,11.50,23.00,34.50,46.00,57.50,69.00,80.50,92.00,103.50,ativo,cobranca_confirmada,true,alta,media,fontes estaduais RS,fontes estaduais RS
rs_csg_ipe,RS,CSG,estadual,CSG,,,Ipê,portico_free_flow,ERS-122,"151,9",Ipê,ambos,-28.66810833,-51.17217500,9.30,18.60,27.90,37.20,46.50,55.80,65.10,74.40,83.70,ativo,cobranca_confirmada,true,alta,media,fontes estaduais RS,fontes estaduais RS
rs_csg_caí,RS,CSG,estadual,CSG,,,São Sebastião do Caí,portico_free_flow,ERS-122,"4,6",São Sebastião do Caí,ambos,-29.64335833,-51.28567500,13.30,26.60,39.90,53.20,66.50,79.80,93.10,106.40,119.70,ativo,cobranca_confirmada,true,alta,media,fontes estaduais RS,fontes estaduais RS
rs_egr_boa_vista_do_sul,RS,EGR,estadual,EGR,,,Boa Vista do Sul,praca_fisica,RSC-453,78+950,Boa Vista do Sul,ambos,-29.33487100,-51.65011300,6.30,12.60,18.90,25.20,31.50,37.80,44.10,50.40,56.70,ativo,cobranca_confirmada,true,alta,alta,fontes estaduais RS,fontes estaduais RS
rs_egr_campo_bom,RS,EGR,estadual,EGR,,,Campo Bom,praca_fisica,ERS-239,19+000,Campo Bom,ambos,-29.65651000,-50.07853000,3.25,6.50,9.75,13.00,16.25,19.50,22.75,26.00,29.25,ativo,cobranca_confirmada,true,alta,alta,fontes estaduais RS,fontes estaduais RS
rs_egr_coxilha,RS,EGR,estadual,EGR,,,Coxilha,praca_fisica,ERS-135,18+300,Coxilha,ambos,-28.16224600,-52.30704900,4.90,9.80,14.70,19.60,24.50,29.40,34.30,39.20,44.10,ativo,cobranca_confirmada,true,alta,alta,fontes estaduais RS,fontes estaduais RS
rs_egr_cruzeiro,RS,EGR,estadual,EGR,,,Cruzeiro do Sul,praca_fisica,RSC-453,18+470,Cruzeiro do Sul,ambos,-29.51897200,-52.07401300,6.30,12.60,18.90,25.20,31.50,37.80,44.10,50.40,56.70,ativo,cobranca_confirmada,true,alta,alta,fontes estaduais RS,fontes estaduais RS
rs_egr_encantado,RS,EGR,estadual,EGR,,,Encantado,praca_fisica,ERS-130,93,Encantado,ambos,-29.28498700,-51.89974900,6.30,12.60,18.90,25.20,31.50,37.80,44.10,50.40,56.70,ativo,cobranca_confirmada,true,alta,alta,fontes estaduais RS,fontes estaduais RS
rs_egr_gramado,RS,EGR,estadual,EGR,,,Gramado,praca_fisica,ERS-235,27+580,Gramado,ambos,-29.39060600,-50.93687900,7.10,14.20,21.30,28.40,35.50,42.60,49.70,56.80,63.90,ativo,cobranca_confirmada,true,alta,alta,fontes estaduais RS,fontes estaduais RS
rs_egr_santo_antonio,RS,EGR,estadual,EGR,,,Santo Antônio da Patrulha,praca_fisica,ERS-474,20,Santo Antônio da Patrulha,ambos,-29.73223900,-50.59203700,6.30,12.60,18.90,25.20,31.50,37.80,44.10,50.40,56.70,ativo,cobranca_confirmada,true,alta,alta,fontes estaduais RS,fontes estaduais RS
rs_egr_sao_francisco,RS,EGR,estadual,EGR,,,São Francisco de Paula,praca_fisica,ERS-235,52+930,São Francisco de Paula,ambos,-29.32359400,-50.73290900,7.10,14.20,21.30,28.40,35.50,42.60,49.70,56.80,63.90,ativo,cobranca_confirmada,true,alta,alta,fontes estaduais RS,fontes estaduais RS
rs_egr_tres_coroas,RS,EGR,estadual,EGR,,,Três Coroas,praca_fisica,ERS-115,23,Três Coroas,ambos,-29.48227000,-50.80225500,7.10,14.20,21.30,28.40,35.50,42.60,49.70,56.80,63.90,ativo,cobranca_confirmada,true,alta,alta,fontes estaduais RS,fontes estaduais RS
rs_egr_viamao,RS,EGR,estadual,EGR,,,Viamão,praca_fisica,ERS-040,19+530,Viamão,ambos,-30.11078800,-50.94210200,6.30,12.60,18.90,25.20,31.50,37.80,44.10,50.40,56.70,ativo,cobranca_confirmada,true,alta,alta,fontes estaduais RS,fontes estaduais RS
rs_rota_candelaria,RS,Rota Santa Maria,estadual,Rota Santa Maria,,,Candelária,praca_fisica,RSC-287,131,Candelária,ambos,-29.68071300,-52.71505000,5.40,10.80,16.20,21.60,27.00,32.40,37.80,43.20,48.60,ativo,cobranca_confirmada,true,alta,media,fontes estaduais RS,fontes estaduais RS
rs_rota_paraiso,RS,Rota Santa Maria,estadual,Rota Santa Maria,,,Paraíso do Sul,praca_fisica,RSC-287,168,Paraíso do Sul,ambos,-29.74924835,-53.06656662,5.40,10.80,16.20,21.60,27.00,32.40,37.80,43.20,48.60,ativo,cobranca_confirmada,true,alta,media,fontes estaduais RS,fontes estaduais RS
rs_rota_santa_maria,RS,Rota Santa Maria,estadual,Rota Santa Maria,,,Santa Maria,praca_fisica,RSC-287,220,Santa Maria,ambos,-29.72449845,-53.58701454,5.40,10.80,16.20,21.60,27.00,32.40,37.80,43.20,48.60,ativo,cobranca_confirmada,true,alta,media,fontes estaduais RS,fontes estaduais RS
rs_rota_taquari,RS,Rota Santa Maria,estadual,Rota Santa Maria,,,Taquari,praca_fisica,RSC-287,47,Taquari,ambos,-29.70533918,-51.89988889,5.40,10.80,16.20,21.60,27.00,32.40,37.80,43.20,48.60,ativo,cobranca_confirmada,true,alta,media,fontes estaduais RS,fontes estaduais RS
rs_rota_venancio,RS,Rota Santa Maria,estadual,Rota Santa Maria,,,Venâncio Aires,praca_fisica,RSC-287,86,Venâncio Aires,ambos,-29.66776000,-52.27774200,5.40,10.80,16.20,21.60,27.00,32.40,37.80,43.20,48.60,ativo,cobranca_confirmada,true,alta,media,fontes estaduais RS,fontes estaduais RS
br_antt_245_via_tres_cachoeiras,RS,ANTT,federal,VIA SUL,,,P1-Três Cachoeiras,praca_fisica,BR-101,35.2,Três Cachoeiras,Crescente/Decrescente,-29.52046100,-49.99658100,5.50,11.00,16.50,22.00,27.50,33.00,38.50,44.00,49.50,ativo,cobranca_confirmada,true,alta,alta,ANTT/dados de tarifas,ANTT/dados-dos-pracas-de-pedagio2_2026.csv
br_antt_244_via_santo_antonio_patrulha,RS,ANTT,federal,VIA SUL,,,P2-Santo Antônio da Patrulha,praca_fisica,BR-290,19.4,Santo Antônio da Patrulha,Crescente/Decrescente,-29.88589700,-50.44896400,5.50,11.00,16.50,22.00,27.50,33.00,38.50,44.00,49.50,ativo,cobranca_confirmada,true,alta,alta,ANTT/dados de tarifas,ANTT/dados-dos-pracas-de-pedagio2_2026.csv
br_antt_248_via_gravatai,RS,ANTT,federal,VIA SUL,,,P3-Gravatai,praca_fisica,BR-290,60.0,Gravataí,Crescente/Decrescente,-29.92502300,-50.85910400,5.50,11.00,16.50,22.00,27.50,33.00,38.50,44.00,49.50,ativo,cobranca_confirmada,true,alta,alta,ANTT/dados de tarifas,ANTT/dados-dos-pracas-de-pedagio2_2026.csv
br_antt_249_via_montenegro,RS,ANTT,federal,VIA SUL,,,P4-Montenegro,praca_fisica,BR-386,426.0,Montenegro,Crescente/Decrescente,-29.81976000,-51.36040500,5.50,11.00,16.50,22.00,27.50,33.00,38.50,44.00,49.50,ativo,cobranca_confirmada,true,alta,alta,ANTT/dados de tarifas,ANTT/dados-dos-pracas-de-pedagio2_2026.csv
br_antt_250_via_paverama,RS,ANTT,federal,VIA SUL,,,P5-Paverama,praca_fisica,BR-386,375.8,Paverama,Crescente/Decrescente,-29.62683300,-51.77577300,5.50,11.00,16.50,22.00,27.50,33.00,38.50,44.00,49.50,ativo,cobranca_confirmada,true,alta,alta,ANTT/dados de tarifas,ANTT/dados-dos-pracas-de-pedagio2_2026.csv
br_antt_247_via_fontoura_xavier,RS,ANTT,federal,VIA SUL,,,P6-Fontoura Xavier,praca_fisica,BR-386,262.7,Fontoura Xavier,Crescente/Decrescente,-28.90531600,-52.39679700,5.50,11.00,16.50,22.00,27.50,33.00,38.50,44.00,49.50,ativo,cobranca_confirmada,true,alta,alta,ANTT/dados de tarifas,ANTT/dados-dos-pracas-de-pedagio2_2026.csv
br_antt_246_via_victor_graeff,RS,ANTT,federal,VIA SUL,,,P7-Victor Graeff,praca_fisica,BR-386,204.4,Victor Graeff,Crescente/Decrescente,-28.50203900,-52.64470900,5.50,11.00,16.50,22.00,27.50,33.00,38.50,44.00,49.50,ativo,cobranca_confirmada,true,alta,alta,ANTT/dados de tarifas,ANTT/dados-dos-pracas-de-pedagio2_2026.csv
br_antt_065_ecosul_capao_seco,RS,ANTT,federal,ECOSUL,,,Praça Capão Seco,praca_fisica,BR-392,52.3,Rio Grande,Crescente/Decrescente,-31.85195800,-52.32617700,22.20,44.40,66.60,88.80,111.00,133.20,155.40,177.60,199.80,ativo,cobranca_confirmada,true,alta,alta,ANTT/dados de tarifas,ANTT/dados-dos-pracas-de-pedagio2_2026.csv
br_antt_063_ecosul_cristal,RS,ANTT,federal,ECOSUL,,,Praça Cristal,praca_fisica,BR-116,430.8,Cristal,Crescente/Decrescente,-31.02638600,-52.04943000,22.20,44.40,66.60,88.80,111.00,133.20,155.40,177.60,199.80,ativo,cobranca_confirmada,true,alta,alta,ANTT/dados de tarifas,ANTT/dados-dos-pracas-de-pedagio2_2026.csv
br_antt_061_ecosul_gloria,RS,ANTT,federal,ECOSUL,,,Praça Glória,praca_fisica,BR-392,111.4,Canguçu,Crescente/Decrescente,-31.44978600,-52.64064400,22.20,44.40,66.60,88.80,111.00,133.20,155.40,177.60,199.80,ativo,cobranca_confirmada,true,alta,alta,ANTT/dados de tarifas,ANTT/dados-dos-pracas-de-pedagio2_2026.csv
br_antt_062_ecosul_pavao,RS,ANTT,federal,ECOSUL,,,Praça Pavão,praca_fisica,BR-116,541.2,Capão do Leão,Crescente/Decrescente,-31.82007500,-52.52671100,22.20,44.40,66.60,88.80,111.00,133.20,155.40,177.60,199.80,ativo,cobranca_confirmada,true,alta,alta,ANTT/dados de tarifas,ANTT/dados-dos-pracas-de-pedagio2_2026.csv
br_antt_064_ecosul_retiro,RS,ANTT,federal,ECOSUL,,,Praça Retiro,praca_fisica,BR-116,510.7,Pelotas,Crescente/Decrescente,-31.62526100,-52.31811600,22.20,44.40,66.60,88.80,111.00,133.20,155.40,177.60,199.80,ativo,cobranca_confirmada,true,alta,alta,ANTT/dados de tarifas,ANTT/dados-dos-pracas-de-pedagio2_2026.csv
br_antt_023_autopista_planalto_correia_pinto,SC,ANTT,federal,AUTOPISTA PLANALTO SUL,,,CORREIA PINTO,praca_fisica,BR-116,233.16,Correia Pinto,Crescente/Decrescente,-27.01058400,-50.37433500,8.70,17.40,26.10,34.80,43.50,52.20,60.90,69.60,78.30,ativo,cobranca_confirmada,true,alta,alta,ANTT/dados de tarifas,ANTT/dados-dos-pracas-de-pedagio2_2026.csv
br_antt_021_autopista_planalto_monte_castelo,SC,ANTT,federal,AUTOPISTA PLANALTO SUL,,,MONTE CASTELO,praca_fisica,BR-116,81.6,Monte Castelo,Crescente/Decrescente,-26.57036300,-50.22179500,8.70,17.40,26.10,34.80,43.50,52.20,60.90,69.60,78.30,ativo,cobranca_confirmada,true,alta,alta,ANTT/dados de tarifas,ANTT/dados-dos-pracas-de-pedagio2_2026.csv
br_antt_230_via_costeira_laguna,SC,ANTT,federal,VIA COSTEIRA,,,P1-Laguna,praca_fisica,BR-101,298.66,Laguna,Crescente/Decrescente,-28.35072200,-48.73942900,2.40,4.80,7.20,9.60,12.00,14.40,16.80,19.20,21.60,ativo,cobranca_confirmada,true,alta,alta,ANTT/dados de tarifas,ANTT/dados-dos-pracas-de-pedagio2_2026.csv
br_antt_020_autopista_,SC,ANTT,federal,AUTOPISTA LITORAL SUL,,,P2,praca_fisica,BR-101,1.35,Garuva,Crescente/Decrescente,-25.99189800,-48.88146900,5.70,11.40,17.10,22.80,28.50,34.20,39.90,45.60,51.30,ativo,cobranca_confirmada,true,alta,alta,ANTT/dados de tarifas,ANTT/dados-dos-pracas-de-pedagio2_2026.csv
br_antt_233_via_costeira_tubarao,SC,ANTT,federal,VIA COSTEIRA,,,P2-Tubarão,praca_fisica,BR-101,344.7,Tubarão,Crescente/Decrescente,-28.55427800,-49.05421400,2.40,4.80,7.20,9.60,12.00,14.40,16.80,19.20,21.60,ativo,cobranca_confirmada,true,alta,alta,ANTT/dados de tarifas,ANTT/dados-dos-pracas-de-pedagio2_2026.csv
br_antt_017_autopista_,SC,ANTT,federal,AUTOPISTA LITORAL SUL,,,P3,praca_fisica,BR-101,79.3,Araquari,Crescente/Decrescente,-26.59163500,-48.72207900,5.70,11.40,17.10,22.80,28.50,34.20,39.90,45.60,51.30,ativo,cobranca_confirmada,true,alta,alta,ANTT/dados de tarifas,ANTT/dados-dos-pracas-de-pedagio2_2026.csv
br_antt_231_via_costeira_ararangua,SC,ANTT,federal,VIA COSTEIRA,,,P3-Araranguá,praca_fisica,BR-101,404.55,Maracajá,Crescente/Decrescente,-28.89774000,-49.47313600,2.40,4.80,7.20,9.60,12.00,14.40,16.80,19.20,21.60,ativo,cobranca_confirmada,true,alta,alta,ANTT/dados de tarifas,ANTT/dados-dos-pracas-de-pedagio2_2026.csv
br_antt_019_autopista_,SC,ANTT,federal,AUTOPISTA LITORAL SUL,,,P4,praca_fisica,BR-101,157.4,Porto Belo,Crescente/Decrescente,-27.18506500,-48.61236200,5.70,11.40,17.10,22.80,28.50,34.20,39.90,45.60,51.30,ativo,cobranca_confirmada,true,alta,alta,ANTT/dados de tarifas,ANTT/dados-dos-pracas-de-pedagio2_2026.csv
br_antt_232_via_costeira_sao_joao,SC,ANTT,federal,VIA COSTEIRA,,,P4-São João do Sul,praca_fisica,BR-101,457.53,São João do Sul,Crescente/Decrescente,-29.24366700,-49.75447500,2.40,4.80,7.20,9.60,12.00,14.40,16.80,19.20,21.60,ativo,cobranca_confirmada,true,alta,alta,ANTT/dados de tarifas,ANTT/dados-dos-pracas-de-pedagio2_2026.csv
br_antt_018_autopista_,SC,ANTT,federal,AUTOPISTA LITORAL SUL,,,P5,praca_fisica,BR-101,242.8,Palhoça,Crescente/Decrescente,-27.88510500,-48.64767700,5.70,11.40,17.10,22.80,28.50,34.20,39.90,45.60,51.30,ativo,cobranca_confirmada,true,alta,alta,ANTT/dados de tarifas,ANTT/dados-dos-pracas-de-pedagio2_2026.csv
br_antt_022_autopista_planalto_santa_cecilia,SC,ANTT,federal,AUTOPISTA PLANALTO SUL,,,SANTA CECÍLIA,praca_fisica,BR-116,152.0,Santa Cecília,Crescente/Decrescente,-27.01058400,-50.42871600,8.70,17.40,26.10,34.80,43.50,52.20,60.90,69.60,78.30,ativo,cobranca_confirmada,true,alta,alta,ANTT/dados de tarifas,ANTT/dados-dos-pracas-de-pedagio2_2026.csv
sp_artesp_001_l01_autoban_caieiras_,SP,ARTESP,estadual,ARTESP/SP concessionárias,L01-AUTOBAN,,CAIERAS,praca_fisica,SP348,"36,200",CAIEIRAS,SUL,-23.34726054,-46.81329649,13.70,27.40,41.10,54.80,68.50,82.20,95.90,109.60,123.30,ativo,cobranca_confirmada,true,alta,alta,ARTESP Pedágio/Volume Pedagiado 2026,KMZ ARTESP l01.kmz - correspondência por praça/pórtico
sp_artesp_002_l01_autoban_campo_limpo_,SP,ARTESP,estadual,ARTESP/SP concessionárias,L01-AUTOBAN,,CAMPO LIMPO,praca_fisica,SP348,"39,047",FRANCO DA ROCHA,NORTE,-23.32292941,-46.82301776,13.70,27.40,41.10,54.80,68.50,82.20,95.90,109.60,123.30,ativo,cobranca_confirmada,true,alta,alta,ARTESP Pedágio/Volume Pedagiado 2026,KMZ ARTESP l01.kmz - correspondência por praça/pórtico
sp_artesp_003_l01_autoban_itupeva_,SP,ARTESP,estadual,ARTESP/SP concessionárias,L01-AUTOBAN,,ITUPEVA NORTE,praca_fisica,SP348,"77,430",ITUPEVA,NORTE,-23.05759238,-47.04424128,13.60,27.20,40.80,54.40,68.00,81.60,95.20,108.80,122.40,ativo,cobranca_confirmada,true,alta,alta,ARTESP Pedágio/Volume Pedagiado 2026,KMZ ARTESP l01.kmz - correspondência por praça/pórtico
sp_artesp_004_l01_autoban_itupeva_,SP,ARTESP,estadual,ARTESP/SP concessionárias,L01-AUTOBAN,,ITUPEVA SUL,praca_fisica,SP348,"77,430",ITUPEVA,SUL,-23.05759238,-47.04424128,13.60,27.20,40.80,54.40,68.00,81.60,95.20,108.80,122.40,ativo,cobranca_confirmada,true,alta,alta,ARTESP Pedágio/Volume Pedagiado 2026,KMZ ARTESP l01.kmz - correspondência por praça/pórtico
sp_artesp_005_l01_autoban_limeira_a_,SP,ARTESP,estadual,ARTESP/SP concessionárias,L01-AUTOBAN,,LIMEIRA A NORTE,praca_fisica,SP330,"152,000",LIMEIRA,NORTE,-22.55574805,-47.46023090,9.20,18.40,27.60,36.80,46.00,55.20,64.40,73.60,82.80,ativo,cobranca_confirmada,true,alta,alta,ARTESP Pedágio/Volume Pedagiado 2026,KMZ ARTESP l01.kmz - correspondência por praça/pórtico
sp_artesp_006_l01_autoban_limeira_a_,SP,ARTESP,estadual,ARTESP/SP concessionárias,L01-AUTOBAN,,LIMEIRA A SUL,praca_fisica,SP330,"152,000",LIMEIRA,SUL,-22.55574805,-47.46023090,9.20,18.40,27.60,36.80,46.00,55.20,64.40,73.60,82.80,ativo,cobranca_confirmada,true,alta,alta,ARTESP Pedágio/Volume Pedagiado 2026,KMZ ARTESP l01.kmz - correspondência por praça/pórtico
sp_artesp_007_l01_autoban_limeira_b_,SP,ARTESP,estadual,ARTESP/SP concessionárias,L01-AUTOBAN,,LIMEIRA B NORTE,praca_fisica,SP348,"159,550",CORDEIRÓPOLIS,NORTE,-22.51014305,-47.39769120,9.20,18.40,27.60,36.80,46.00,55.20,64.40,73.60,82.80,ativo,cobranca_confirmada,true,alta,alta,ARTESP Pedágio/Volume Pedagiado 2026,KMZ ARTESP l01.kmz - correspondência por praça/pórtico
sp_artesp_008_l01_autoban_limeira_b_,SP,ARTESP,estadual,ARTESP/SP concessionárias,L01-AUTOBAN,,LIMEIRA B SUL,praca_fisica,SP348,"159,550",CORDEIRÓPOLIS,SUL,-22.51014305,-47.39769120,9.20,18.40,27.60,36.80,46.00,55.20,64.40,73.60,82.80,ativo,cobranca_confirmada,true,alta,alta,ARTESP Pedágio/Volume Pedagiado 2026,KMZ ARTESP l01.kmz - correspondência por praça/pórtico
sp_artesp_009_l01_autoban_nova_odessa_,SP,ARTESP,estadual,ARTESP/SP concessionárias,L01-AUTOBAN,,NOVA ODESSA NORTE,praca_fisica,SP330,"118,000",NOVA ODESSA,NORTE,-22.77116070,-47.23913266,12.10,24.20,36.30,48.40,60.50,72.60,84.70,96.80,108.90,ativo,cobranca_confirmada,true,alta,alta,ARTESP Pedágio/Volume Pedagiado 2026,KMZ ARTESP l01.kmz - correspondência por praça/pórtico
sp_artesp_010_l01_autoban_nova_odessa_,SP,ARTESP,estadual,ARTESP/SP concessionárias,L01-AUTOBAN,,NOVA ODESSA SUL,praca_fisica,SP330,"118,000",NOVA ODESSA,SUL,-22.77116070,-47.23913266,12.10,24.20,36.30,48.40,60.50,72.60,84.70,96.80,108.90,ativo,cobranca_confirmada,true,alta,alta,ARTESP Pedágio/Volume Pedagiado 2026,KMZ ARTESP l01.kmz - correspondência por praça/pórtico
sp_artesp_011_l01_autoban_perus_,SP,ARTESP,estadual,ARTESP/SP concessionárias,L01-AUTOBAN,,PERUS - NORTE,praca_fisica,SP330,"26,495",SÃO PAULO,NORTE,-23.41832880,-46.79898003,13.70,27.40,41.10,54.80,68.50,82.20,95.90,109.60,123.30,ativo,cobranca_confirmada,true,alta,alta,ARTESP Pedágio/Volume Pedagiado 2026,KMZ ARTESP l01.kmz - correspondência por praça/pórtico
sp_artesp_012_l01_autoban_perus_,SP,ARTESP,estadual,ARTESP/SP concessionárias,L01-AUTOBAN,,PERUS - SUL,praca_fisica,SP330,"26,495",SÃO PAULO,SUL,-23.41832880,-46.79898003,13.70,27.40,41.10,54.80,68.50,82.20,95.90,109.60,123.30,ativo,cobranca_confirmada,true,alta,alta,ARTESP Pedágio/Volume Pedagiado 2026,KMZ ARTESP l01.kmz - correspondência por praça/pórtico
sp_artesp_013_l01_autoban_sumare_,SP,ARTESP,estadual,ARTESP/SP concessionárias,L01-AUTOBAN,,SUMARÉ - SUL,praca_fisica,SP348,"115,520",SUMARÉ,SUL,-22.85741274,-47.30051709,12.10,24.20,36.30,48.40,60.50,72.60,84.70,96.80,108.90,ativo,cobranca_confirmada,true,alta,alta,ARTESP Pedágio/Volume Pedagiado 2026,KMZ ARTESP l01.kmz - correspondência por praça/pórtico
sp_artesp_014_l01_autoban_sumare_,SP,ARTESP,estadual,ARTESP/SP concessionárias,L01-AUTOBAN,,SUMARÉ NORTE,praca_fisica,SP348,"115,520",SUMARÉ,NORTE,-22.85741274,-47.30051709,12.10,24.20,36.30,48.40,60.50,72.60,84.70,96.80,108.90,ativo,cobranca_confirmada,true,alta,alta,ARTESP Pedágio/Volume Pedagiado 2026,KMZ ARTESP l01.kmz - correspondência por praça/pórtico
sp_artesp_015_l01_autoban_valinhos_,SP,ARTESP,estadual,ARTESP/SP concessionárias,L01-AUTOBAN,,VALINHOS NORTE,praca_fisica,SP330,"82,000",VALINHOS,NORTE,-23.01296148,-47.02305417,13.60,27.20,40.80,54.40,68.00,81.60,95.20,108.80,122.40,ativo,cobranca_confirmada,true,alta,alta,ARTESP Pedágio/Volume Pedagiado 2026,KMZ ARTESP l01.kmz - correspondência por praça/pórtico
sp_artesp_016_l01_autoban_valinhos_,SP,ARTESP,estadual,ARTESP/SP concessionárias,L01-AUTOBAN,,VALINHOS SUL,praca_fisica,SP330,"82,000",VALINHOS,SUL,-23.01296148,-47.02305417,13.60,27.20,40.80,54.40,68.00,81.60,95.20,108.80,122.40,ativo,cobranca_confirmada,true,alta,alta,ARTESP Pedágio/Volume Pedagiado 2026,KMZ ARTESP l01.kmz - correspondência por praça/pórtico
sp_artesp_017_l06_intervias_araras_,SP,ARTESP,estadual,ARTESP/SP concessionárias,L06-INTERVIAS,,ARARAS,praca_fisica,SP191,"27,500",ARARAS,LESTE,-22.36829152,-47.21668946,9.80,19.60,29.40,39.20,49.00,58.80,68.60,78.40,88.20,ativo,cobranca_confirmada,true,alta,media,ARTESP Pedágio/Volume Pedagiado 2026,KMZ ARTESP l06.kmz - correspondência por praça/pórtico
sp_artesp_018_l06_intervias_araras_,SP,ARTESP,estadual,ARTESP/SP concessionárias,L06-INTERVIAS,,ARARAS,praca_fisica,SP191,"27,500",ARARAS,OESTE,-22.36829152,-47.21668946,9.80,19.60,29.40,39.20,49.00,58.80,68.60,78.40,88.20,ativo,cobranca_confirmada,true,alta,media,ARTESP Pedágio/Volume Pedagiado 2026,KMZ ARTESP l06.kmz - correspondência por praça/pórtico
sp_artesp_019_l06_intervias_descalvado_,SP,ARTESP,estadual,ARTESP/SP concessionárias,L06-INTERVIAS,,DESCALVADO,praca_fisica,SP215,"104,400",DESCALVADO,LESTE,-22.04195222,-47.86195429,9.20,18.40,27.60,36.80,46.00,55.20,64.40,73.60,82.80,ativo,cobranca_confirmada,true,alta,media,ARTESP Pedágio/Volume Pedagiado 2026,KMZ ARTESP l06.kmz - correspondência por praça/pórtico
sp_artesp_020_l06_intervias_descalvado_,SP,ARTESP,estadual,ARTESP/SP concessionárias,L06-INTERVIAS,,DESCALVADO,praca_fisica,SP215,"104,400",DESCALVADO,OESTE,-22.04195222,-47.86195429,9.20,18.40,27.60,36.80,46.00,55.20,64.40,73.60,82.80,ativo,cobranca_confirmada,true,alta,media,ARTESP Pedágio/Volume Pedagiado 2026,KMZ ARTESP l06.kmz - correspondência por praça/pórtico
sp_artesp_021_l06_intervias_engenheiro_coelho_,SP,ARTESP,estadual,ARTESP/SP concessionárias,L06-INTERVIAS,,ENG. COELHO,praca_fisica,SP147,91,Engenheiro Coelho,LESTE,-22.48911172,-47.24988620,7.90,15.80,23.70,31.60,39.50,47.40,55.30,63.20,71.10,ativo,cobranca_confirmada,true,alta,media,ARTESP Pedágio/Volume Pedagiado 2026,KMZ ARTESP l06.kmz - correspondência por praça/pórtico
sp_artesp_022_l06_intervias_engenheiro_coelho_,SP,ARTESP,estadual,ARTESP/SP concessionárias,L06-INTERVIAS,,ENG. COELHO,praca_fisica,SP147,91,Engenheiro Coelho,OESTE,-22.48911172,-47.24988620,7.90,15.80,23.70,31.60,39.50,47.40,55.30,63.20,71.10,ativo,cobranca_confirmada,true,alta,media,ARTESP Pedágio/Volume Pedagiado 2026,KMZ ARTESP l06.kmz - correspondência por praça/pórtico
sp_artesp_023_l06_intervias_iracemapolis_,SP,ARTESP,estadual,ARTESP/SP concessionárias,L06-INTERVIAS,,IRACEMÁPOLIS,praca_fisica,SP147,"127,200",IRACEMÁPOLIS,LESTE,-22.65438057,-47.51899393,8.60,17.20,25.80,34.40,43.00,51.60,60.20,68.80,77.40,ativo,cobranca_confirmada,true,alta,media,ARTESP Pedágio/Volume Pedagiado 2026,KMZ ARTESP l06.kmz - correspondência por praça/pórtico
sp_artesp_024_l06_intervias_iracemapolis_,SP,ARTESP,estadual,ARTESP/SP concessionárias,L06-INTERVIAS,,IRACEMÁPOLIS,praca_fisica,SP147,"127,200",IRACEMÁPOLIS,OESTE,-22.65438057,-47.51899393,8.60,17.20,25.80,34.40,43.00,51.60,60.20,68.80,77.40,ativo,cobranca_confirmada,true,alta,media,ARTESP Pedágio/Volume Pedagiado 2026,KMZ ARTESP l06.kmz - correspondência por praça/pórtico
sp_artesp_025_l06_intervias_leme_,SP,ARTESP,estadual,ARTESP/SP concessionárias,L06-INTERVIAS,,LEME,praca_fisica,SP330,"181,760",LEME,NORTE,-22.24976861,-47.39018463,11.20,22.40,33.60,44.80,56.00,67.20,78.40,89.60,100.80,ativo,cobranca_confirmada,true,alta,media,ARTESP Pedágio/Volume Pedagiado 2026,KMZ ARTESP l06.kmz - correspondência por praça/pórtico
sp_artesp_026_l06_intervias_leme_,SP,ARTESP,estadual,ARTESP/SP concessionárias,L06-INTERVIAS,,LEME,praca_fisica,SP330,"181,760",LEME,SUL,-22.24976861,-47.39018463,11.20,22.40,33.60,44.80,56.00,67.20,78.40,89.60,100.80,ativo,cobranca_confirmada,true,alta,media,ARTESP Pedágio/Volume Pedagiado 2026,KMZ ARTESP l06.kmz - correspondência por praça/pórtico
sp_artesp_027_l06_intervias_mogi_mirim_,SP,ARTESP,estadual,ARTESP/SP concessionárias,L06-INTERVIAS,,MOGI MIRIM,praca_fisica,SP147,"52,000",MOGI MIRIM,LESTE,-22.45670833,-46.90219722,11.10,22.20,33.30,44.40,55.50,66.60,77.70,88.80,99.90,ativo,cobranca_confirmada,true,alta,media,ARTESP Pedágio/Volume Pedagiado 2026,KMZ ARTESP l06.kmz - correspondência por praça/pórtico
sp_artesp_028_l06_intervias_mogi_mirim_,SP,ARTESP,estadual,ARTESP/SP concessionárias,L06-INTERVIAS,,MOGI MIRIM,praca_fisica,SP147,"52,000",MOGI MIRIM,OESTE,-22.45670833,-46.90219722,11.10,22.20,33.30,44.40,55.50,66.60,77.70,88.80,99.90,ativo,cobranca_confirmada,true,alta,media,ARTESP Pedágio/Volume Pedagiado 2026,KMZ ARTESP l06.kmz - correspondência por praça/pórtico
sp_artesp_029_l06_intervias_pirassununga_,SP,ARTESP,estadual,ARTESP/SP concessionárias,L06-INTERVIAS,,PIRASSUNUNGA,praca_fisica,SP330,"215,000",PIRASSUNUNGA,NORTE,-21.95798889,-47.45947222,11.20,22.40,33.60,44.80,56.00,67.20,78.40,89.60,100.80,ativo,cobranca_confirmada,true,alta,media,ARTESP Pedágio/Volume Pedagiado 2026,KMZ ARTESP l06.kmz - correspondência por praça/pórtico
sp_artesp_030_l06_intervias_pirassununga_,SP,ARTESP,estadual,ARTESP/SP concessionárias,L06-INTERVIAS,,PIRASSUNUNGA,praca_fisica,SP330,"215,000",PIRASSUNUNGA,SUL,-21.95798889,-47.45947222,11.20,22.40,33.60,44.80,56.00,67.20,78.40,89.60,100.80,ativo,cobranca_confirmada,true,alta,media,ARTESP Pedágio/Volume Pedagiado 2026,KMZ ARTESP l06.kmz - correspondência por praça/pórtico
sp_artesp_031_l06_intervias_rio_claro_,SP,ARTESP,estadual,ARTESP/SP concessionárias,L06-INTERVIAS,,RIO CLARO,praca_fisica,SP191,"59,000",RIO CLARO,LESTE,-22.37301944,-47.48163611,5.00,10.00,15.00,20.00,25.00,30.00,35.00,40.00,45.00,ativo,cobranca_confirmada,true,alta,media,ARTESP Pedágio/Volume Pedagiado 2026,KMZ ARTESP l06.kmz - correspondência por praça/pórtico
sp_artesp_032_l06_intervias_rio_claro_,SP,ARTESP,estadual,ARTESP/SP concessionárias,L06-INTERVIAS,,RIO CLARO,praca_fisica,SP191,"59,000",RIO CLARO,OESTE,-22.37301944,-47.48163611,5.00,10.00,15.00,20.00,25.00,30.00,35.00,40.00,45.00,ativo,cobranca_confirmada,true,alta,media,ARTESP Pedágio/Volume Pedagiado 2026,KMZ ARTESP l06.kmz - correspondência por praça/pórtico
sp_artesp_033_l06_intervias_sta_cruz_palmeiras_,SP,ARTESP,estadual,ARTESP/SP concessionárias,L06-INTERVIAS,,STA CRUZ DAS PALMEIRAS,praca_fisica,SP215,"65,550",STA CRUZ DAS PALMEIRAS,LESTE,-21.78531813,-47.06433478,1.00,2.00,3.00,4.00,5.00,6.00,7.00,8.00,9.00,ativo,cobranca_confirmada,true,alta,baixa,ARTESP Pedágio/Volume Pedagiado 2026,KMZ ARTESP l06.kmz - correspondência por praça/pórtico
sp_artesp_034_l06_intervias_sta_cruz_palmeiras_,SP,ARTESP,estadual,ARTESP/SP concessionárias,L06-INTERVIAS,,STA CRUZ DAS PALMEIRAS,praca_fisica,SP215,"65,550",STA CRUZ DAS PALMEIRAS,OESTE,-21.78531813,-47.06433478,1.00,2.00,3.00,4.00,5.00,6.00,7.00,8.00,9.00,ativo,cobranca_confirmada,true,alta,baixa,ARTESP Pedágio/Volume Pedagiado 2026,KMZ ARTESP l06.kmz - correspondência por praça/pórtico
sp_artesp_035_l07_rota_atibaia_,SP,ARTESP,estadual,ARTESP/SP concessionárias,L07-ROTA,,ATIBAIA,praca_fisica,SP065,"79,900",ATIBAIA,NORTE,-23.09465800,-46.62641200,10.60,21.20,31.80,42.40,53.00,63.60,74.20,84.80,95.40,ativo,cobranca_confirmada,true,alta,alta,ARTESP Pedágio/Volume Pedagiado 2026,KMZ ARTESP l07.kmz - correspondência por praça/pórtico
sp_artesp_036_l07_rota_atibaia_,SP,ARTESP,estadual,ARTESP/SP concessionárias,L07-ROTA,,ATIBAIA,praca_fisica,SP065,"79,900",ATIBAIA,SUL,-23.09465800,-46.62641200,10.60,21.20,31.80,42.40,53.00,63.60,74.20,84.80,95.40,ativo,cobranca_confirmada,true,alta,alta,ARTESP Pedágio/Volume Pedagiado 2026,KMZ ARTESP l07.kmz - correspondência por praça/pórtico
sp_artesp_037_l07_rota_engenheiro_coelho_,SP,ARTESP,estadual,ARTESP/SP concessionárias,L07-ROTA,,ENG. COELHO,praca_fisica,SP332,"159,700",ENGENHEIRO COELHO,NORTE,-22.51482100,-47.19299000,9.20,18.40,27.60,36.80,46.00,55.20,64.40,73.60,82.80,ativo,cobranca_confirmada,true,alta,alta,ARTESP Pedágio/Volume Pedagiado 2026,KMZ ARTESP l07.kmz - correspondência por praça/pórtico
sp_artesp_038_l07_rota_engenheiro_coelho_,SP,ARTESP,estadual,ARTESP/SP concessionárias,L07-ROTA,,ENG. COELHO,praca_fisica,SP332,"159,700",ENGENHEIRO COELHO,SUL,-22.51482100,-47.19299000,9.20,18.40,27.60,36.80,46.00,55.20,64.40,73.60,82.80,ativo,cobranca_confirmada,true,alta,alta,ARTESP Pedágio/Volume Pedagiado 2026,KMZ ARTESP l07.kmz - correspondência por praça/pórtico
sp_artesp_039_l07_rota_igarata_,SP,ARTESP,estadual,ARTESP/SP concessionárias,L07-ROTA,,IGARATÁ NORTE,praca_fisica,SP065,"25,500",IGARATÁ,NORTE,-23.19860300,-46.18168500,13.30,26.60,39.90,53.20,66.50,79.80,93.10,106.40,119.70,ativo,cobranca_confirmada,true,alta,alta,ARTESP Pedágio/Volume Pedagiado 2026,KMZ ARTESP l07.kmz - correspondência por praça/pórtico
sp_artesp_040_l07_rota_igarata_,SP,ARTESP,estadual,ARTESP/SP concessionárias,L07-ROTA,,IGARATÁ SUL,praca_fisica,SP065,"25,500",IGARATÁ,SUL,-23.19860300,-46.18168500,13.30,26.60,39.90,53.20,66.50,79.80,93.10,106.40,119.70,ativo,cobranca_confirmada,true,alta,alta,ARTESP Pedágio/Volume Pedagiado 2026,KMZ ARTESP l07.kmz - correspondência por praça/pórtico
sp_artesp_041_l07_rota_itatiba_,SP,ARTESP,estadual,ARTESP/SP concessionárias,L07-ROTA,,ITATIBA,praca_fisica,SP065,"110,100",ITATIBA,NORTE,-22.95429800,-46.86005600,15.30,30.60,45.90,61.20,76.50,91.80,107.10,122.40,137.70,ativo,cobranca_confirmada,true,alta,alta,ARTESP Pedágio/Volume Pedagiado 2026,KMZ ARTESP l07.kmz - correspondência por praça/pórtico
sp_artesp_042_l07_rota_itatiba_,SP,ARTESP,estadual,ARTESP/SP concessionárias,L07-ROTA,,ITATIBA,praca_fisica,SP065,"110,100",ITATIBA,SUL,-22.95429800,-46.86005600,15.30,30.60,45.90,61.20,76.50,91.80,107.10,122.40,137.70,ativo,cobranca_confirmada,true,alta,alta,ARTESP Pedágio/Volume Pedagiado 2026,KMZ ARTESP l07.kmz - correspondência por praça/pórtico
sp_artesp_043_l07_rota_jundiai_,SP,ARTESP,estadual,ARTESP/SP concessionárias,L07-ROTA,,JUNDIAÍ,praca_fisica,SP360,"77,100",JUNDIAÍ,NORTE,-23.07718500,-46.84112200,6.10,12.20,18.30,24.40,30.50,36.60,42.70,48.80,54.90,ativo,cobranca_confirmada,true,alta,alta,ARTESP Pedágio/Volume Pedagiado 2026,KMZ ARTESP l07.kmz - correspondência por praça/pórtico
sp_artesp_044_l07_rota_jundiai_,SP,ARTESP,estadual,ARTESP/SP concessionárias,L07-ROTA,,JUNDIAÍ,praca_fisica,SP360,"77,100",JUNDIAÍ,SUL,-23.07718500,-46.84112200,6.10,12.20,18.30,24.40,30.50,36.60,42.70,48.80,54.90,ativo,cobranca_confirmada,true,alta,alta,ARTESP Pedágio/Volume Pedagiado 2026,KMZ ARTESP l07.kmz - correspondência por praça/pórtico
sp_artesp_045_l07_rota_louveira_,SP,ARTESP,estadual,ARTESP/SP concessionárias,L07-ROTA,,LOUVEIRA,praca_fisica,SP063,"10,400",ITATIBA,LESTE,-23.05500200,-46.89418600,3.90,7.80,11.70,15.60,19.50,23.40,27.30,31.20,35.10,ativo,cobranca_confirmada,true,alta,alta,ARTESP Pedágio/Volume Pedagiado 2026,KMZ ARTESP l07.kmz - correspondência por praça/pórtico
sp_artesp_046_l07_rota_louveira_,SP,ARTESP,estadual,ARTESP/SP concessionárias,L07-ROTA,,LOUVEIRA,praca_fisica,SP063,"10,400",ITATIBA,OESTE,-23.05500200,-46.89418600,3.90,7.80,11.70,15.60,19.50,23.40,27.30,31.20,35.10,ativo,cobranca_confirmada,true,alta,alta,ARTESP Pedágio/Volume Pedagiado 2026,KMZ ARTESP l07.kmz - correspondência por praça/pórtico
sp_artesp_047_l07_rota_paulinia_a_,SP,ARTESP,estadual,ARTESP/SP concessionárias,L07-ROTA,,PAULINIA A,praca_fisica,SP332,"135,500",COSMÓPOLIS,NORTE,-22.69001700,-47.15478900,12.00,24.00,36.00,48.00,60.00,72.00,84.00,96.00,108.00,ativo,cobranca_confirmada,true,alta,alta,ARTESP Pedágio/Volume Pedagiado 2026,KMZ ARTESP l07.kmz - correspondência por praça/pórtico
sp_artesp_048_l07_rota_paulinia_a_,SP,ARTESP,estadual,ARTESP/SP concessionárias,L07-ROTA,,PAULINIA A,praca_fisica,SP332,"135,500",COSMÓPOLIS,SUL,-22.69001700,-47.15478900,12.00,24.00,36.00,48.00,60.00,72.00,84.00,96.00,108.00,ativo,cobranca_confirmada,true,alta,alta,ARTESP Pedágio/Volume Pedagiado 2026,KMZ ARTESP l07.kmz - correspondência por praça/pórtico
sp_artesp_049_l07_rota_paulinia_b_,SP,ARTESP,estadual,ARTESP/SP concessionárias,L07-ROTA,,PAULINIA B,praca_fisica,SP332,"132,500",PAULÍNIA,NORTE,-22.71291000,-47.14270800,16.70,33.40,50.10,66.80,83.50,100.20,116.90,133.60,150.30,ativo,cobranca_confirmada,true,alta,alta,ARTESP Pedágio/Volume Pedagiado 2026,KMZ ARTESP l07.kmz - correspondência por praça/pórtico
sp_artesp_050_l07_rota_cosmopolis_,SP,ARTESP,estadual,ARTESP/SP concessionárias,L07-ROTA,,PÓRTICO COSMOPOLIS,portico_free_flow,SP332,146,Cosmópolis,SUL,-22.62230895,-47.20045483,1.30,2.60,3.90,5.20,6.50,7.80,9.10,10.40,11.70,ativo,cobranca_confirmada,true,alta,alta,ARTESP Pedágio/Volume Pedagiado 2026,KMZ ARTESP l07.kmz - correspondência por praça/pórtico
sp_artesp_051_l11_renovias_aguas_prata_,SP,ARTESP,estadual,ARTESP/SP concessionárias,L11-RENOVIAS,,AGUAS DA PRATA,praca_fisica,SP342,"240,200",ÁGUAS DA PRATA,LESTE,-21.93068834,-46.69632849,6.30,12.60,18.90,25.20,31.50,37.80,44.10,50.40,56.70,ativo,cobranca_confirmada,true,alta,alta,ARTESP Pedágio/Volume Pedagiado 2026,KMZ ARTESP l11.kmz - correspondência por praça/pórtico
sp_artesp_052_l11_renovias_aguas_prata_,SP,ARTESP,estadual,ARTESP/SP concessionárias,L11-RENOVIAS,,AGUAS DA PRATA,praca_fisica,SP342,"240,200",ÁGUAS DA PRATA,OESTE,-21.93068834,-46.69632849,6.30,12.60,18.90,25.20,31.50,37.80,44.10,50.40,56.70,ativo,cobranca_confirmada,true,alta,alta,ARTESP Pedágio/Volume Pedagiado 2026,KMZ ARTESP l11.kmz - correspondência por praça/pórtico
sp_artesp_053_l11_renovias_aguai_,SP,ARTESP,estadual,ARTESP/SP concessionárias,L11-RENOVIAS,,AGUAÍ,praca_fisica,SP344,"219,000",SÃO JOÃO DA BOA VISTA,LESTE,-22.01399825,-46.85060205,6.60,13.20,19.80,26.40,33.00,39.60,46.20,52.80,59.40,ativo,cobranca_confirmada,true,alta,alta,ARTESP Pedágio/Volume Pedagiado 2026,KMZ ARTESP l11.kmz - correspondência por praça/pórtico
sp_artesp_054_l11_renovias_aguai_,SP,ARTESP,estadual,ARTESP/SP concessionárias,L11-RENOVIAS,,AGUAÍ,praca_fisica,SP344,"219,000",SÃO JOÃO DA BOA VISTA,OESTE,-22.01399825,-46.85060205,6.60,13.20,19.80,26.40,33.00,39.60,46.20,52.80,59.40,ativo,cobranca_confirmada,true,alta,alta,ARTESP Pedágio/Volume Pedagiado 2026,KMZ ARTESP l11.kmz - correspondência por praça/pórtico
sp_artesp_055_l11_renovias_casa_branca_,SP,ARTESP,estadual,ARTESP/SP concessionárias,L11-RENOVIAS,,CASA BRANCA,praca_fisica,SP340,"221,300",CASA BRANCA,NORTE,-21.91907650,-47.05184475,9.40,18.80,28.20,37.60,47.00,56.40,65.80,75.20,84.60,ativo,cobranca_confirmada,true,alta,alta,ARTESP Pedágio/Volume Pedagiado 2026,KMZ ARTESP l11.kmz - correspondência por praça/pórtico
sp_artesp_056_l11_renovias_casa_branca_,SP,ARTESP,estadual,ARTESP/SP concessionárias,L11-RENOVIAS,,CASA BRANCA,praca_fisica,SP340,"221,800",CASA BRANCA,SUL,-21.91907650,-47.05184475,9.40,18.80,28.20,37.60,47.00,56.40,65.80,75.20,84.60,ativo,cobranca_confirmada,true,alta,alta,ARTESP Pedágio/Volume Pedagiado 2026,KMZ ARTESP l11.kmz - correspondência por praça/pórtico
sp_artesp_057_l11_renovias_estiva_gerbi_,SP,ARTESP,estadual,ARTESP/SP concessionárias,L11-RENOVIAS,,ESTIVA GERBI,praca_fisica,SP340,"192,800",MOGI GUAÇU,NORTE,-22.16354832,-46.99194058,10.50,21.00,31.50,42.00,52.50,63.00,73.50,84.00,94.50,ativo,cobranca_confirmada,true,alta,alta,ARTESP Pedágio/Volume Pedagiado 2026,KMZ ARTESP l11.kmz - correspondência por praça/pórtico
sp_artesp_058_l11_renovias_estiva_gerbi_,SP,ARTESP,estadual,ARTESP/SP concessionárias,L11-RENOVIAS,,ESTIVA GERBI,praca_fisica,SP340,"192,800",MOGI GUAÇU,SUL,-22.16354832,-46.99194058,10.50,21.00,31.50,42.00,52.50,63.00,73.50,84.00,94.50,ativo,cobranca_confirmada,true,alta,alta,ARTESP Pedágio/Volume Pedagiado 2026,KMZ ARTESP l11.kmz - correspondência por praça/pórtico
sp_artesp_059_l11_renovias_itobi_,SP,ARTESP,estadual,ARTESP/SP concessionárias,L11-RENOVIAS,,ITOBI,praca_fisica,SP350,"252,400",ITOBI,NORTE,-21.70595699,-46.94693231,13.40,26.80,40.20,53.60,67.00,80.40,93.80,107.20,120.60,ativo,cobranca_confirmada,true,alta,alta,ARTESP Pedágio/Volume Pedagiado 2026,KMZ ARTESP l11.kmz - correspondência por praça/pórtico
sp_artesp_060_l11_renovias_jaguariuna_,SP,ARTESP,estadual,ARTESP/SP concessionárias,L11-RENOVIAS,,JAGUARIÚNA,praca_fisica,SP340,"123,500",CAMPINAS,NORTE,-22.77122474,-47.02201361,17.60,35.20,52.80,70.40,88.00,105.60,123.20,140.80,158.40,ativo,cobranca_confirmada,true,alta,alta,ARTESP Pedágio/Volume Pedagiado 2026,KMZ ARTESP l11.kmz - correspondência por praça/pórtico
sp_artesp_061_l11_renovias_jaguariuna_,SP,ARTESP,estadual,ARTESP/SP concessionárias,L11-RENOVIAS,,JAGUARIÚNA,praca_fisica,SP340,"123,500",CAMPINAS,SUL,-22.77122474,-47.02201361,17.60,35.20,52.80,70.40,88.00,105.60,123.20,140.80,158.40,ativo,cobranca_confirmada,true,alta,alta,ARTESP Pedágio/Volume Pedagiado 2026,KMZ ARTESP l11.kmz - correspondência por praça/pórtico
sp_artesp_062_l11_renovias_mococa_,SP,ARTESP,estadual,ARTESP/SP concessionárias,L11-RENOVIAS,,MOCOCA,praca_fisica,SP340,"254,700",CASA BRANCA,NORTE,-21.64088415,-47.04787951,8.90,17.80,26.70,35.60,44.50,53.40,62.30,71.20,80.10,ativo,cobranca_confirmada,true,alta,alta,ARTESP Pedágio/Volume Pedagiado 2026,KMZ ARTESP l11.kmz - correspondência por praça/pórtico
sp_artesp_063_l11_renovias_mococa_,SP,ARTESP,estadual,ARTESP/SP concessionárias,L11-RENOVIAS,,MOCOCA,praca_fisica,SP340,"254,700",CASA BRANCA,SUL,-21.64088415,-47.04787951,8.90,17.80,26.70,35.60,44.50,53.40,62.30,71.20,80.10,ativo,cobranca_confirmada,true,alta,alta,ARTESP Pedágio/Volume Pedagiado 2026,KMZ ARTESP l11.kmz - correspondência por praça/pórtico
sp_artesp_064_l11_renovias_pinhal_,SP,ARTESP,estadual,ARTESP/SP concessionárias,L11-RENOVIAS,,PINHAL,praca_fisica,SP342,191,Espírito Santo do Pinhal,LESTE,-22.25234766,-46.81352501,13.10,26.20,39.30,52.40,65.50,78.60,91.70,104.80,117.90,ativo,cobranca_confirmada,true,alta,alta,ARTESP Pedágio/Volume Pedagiado 2026,KMZ ARTESP l11.kmz - correspondência por praça/pórtico
sp_artesp_065_l11_renovias_pinhal_,SP,ARTESP,estadual,ARTESP/SP concessionárias,L11-RENOVIAS,,PINHAL,praca_fisica,SP342,191,Espírito Santo do Pinhal,OESTE,-22.25234766,-46.81352501,13.10,26.20,39.30,52.40,65.50,78.60,91.70,104.80,117.90,ativo,cobranca_confirmada,true,alta,alta,ARTESP Pedágio/Volume Pedagiado 2026,KMZ ARTESP l11.kmz - correspondência por praça/pórtico
sp_artesp_066_l11_renovias_sto_ant_posse_,SP,ARTESP,estadual,ARTESP/SP concessionárias,L11-RENOVIAS,,PÓRTICO STO. ANT. DE POSSE,portico_free_flow,SP340,147+030,Santo Antônio de Posse,NORTE,-22.56293114,-47.00043536,1.00,2.00,3.00,4.00,5.00,6.00,7.00,8.00,9.00,ativo,cobranca_confirmada,true,alta,baixa,ARTESP Pedágio/Volume Pedagiado 2026,KMZ ARTESP l11.kmz
sp_artesp_067_l11_renovias_sto_ant_posse_,SP,ARTESP,estadual,ARTESP/SP concessionárias,L11-RENOVIAS,,PÓRTICO STO. ANT. DE POSSE,portico_free_flow,SP340,147+030,Santo Antônio de Posse,SUL,-22.56293114,-47.00043536,1.00,2.00,3.00,4.00,5.00,6.00,7.00,8.00,9.00,ativo,cobranca_confirmada,true,alta,baixa,ARTESP Pedágio/Volume Pedagiado 2026,KMZ ARTESP l11.kmz
sp_artesp_068_l11_renovias_sao_joao_boa_vista_,SP,ARTESP,estadual,ARTESP/SP concessionárias,L11-RENOVIAS,,SÃO JOÃO DA BOA VISTA,praca_fisica,SP344,"230,200",SÃO JOÃO DA BOA VISTA,LESTE,-21.94836314,-46.84145471,7.40,14.80,22.20,29.60,37.00,44.40,51.80,59.20,66.60,ativo,cobranca_confirmada,true,alta,alta,ARTESP Pedágio/Volume Pedagiado 2026,KMZ ARTESP l11.kmz - correspondência por praça/pórtico
sp_artesp_069_l13_colinas_boituva_,SP,ARTESP,estadual,ARTESP/SP concessionárias,L13-COLINAS,,BLOQUEIO DE BOITUVA,bloqueio,SP280,"111,600",BOITUVA,LESTE,-23.31422738,-47.64397563,13.80,27.60,41.40,55.20,69.00,82.80,96.60,110.40,124.20,ativo,cobranca_confirmada,true,alta,alta,ARTESP Pedágio/Volume Pedagiado 2026,KMZ ARTESP l13.kmz - correspondência por praça/pórtico
sp_artesp_070_l13_colinas_boituva_,SP,ARTESP,estadual,ARTESP/SP concessionárias,L13-COLINAS,,BLOQUEIO DE BOITUVA,bloqueio,SP280,"111,600",BOITUVA,OESTE,-23.31422738,-47.64397563,13.80,27.60,41.40,55.20,69.00,82.80,96.60,110.40,124.20,ativo,cobranca_confirmada,true,alta,alta,ARTESP Pedágio/Volume Pedagiado 2026,KMZ ARTESP l13.kmz - correspondência por praça/pórtico
sp_artesp_071_l13_colinas_indaiatuba_,SP,ARTESP,estadual,ARTESP/SP concessionárias,L13-COLINAS,,BLOQUEIO DE INDAIATUBA,bloqueio,SP075,"60,800",INDAIATUBA,NORTE,-23.06293242,-47.15542492,19.40,38.80,58.20,77.60,97.00,116.40,135.80,155.20,174.60,ativo,cobranca_confirmada,true,alta,alta,ARTESP Pedágio/Volume Pedagiado 2026,KMZ ARTESP l13.kmz - correspondência por praça/pórtico
sp_artesp_072_l13_colinas_indaiatuba_,SP,ARTESP,estadual,ARTESP/SP concessionárias,L13-COLINAS,,BLOQUEIO DE INDAIATUBA,bloqueio,SP075,"60,800",INDAIATUBA,SUL,-23.06293242,-47.15542492,19.40,38.80,58.20,77.60,97.00,116.40,135.80,155.20,174.60,ativo,cobranca_confirmada,true,alta,alta,ARTESP Pedágio/Volume Pedagiado 2026,KMZ ARTESP l13.kmz - correspondência por praça/pórtico
sp_artesp_073_l13_colinas_boituva_,SP,ARTESP,estadual,ARTESP/SP concessionárias,L13-COLINAS,,BOITUVA,praca_fisica,SP280,"111,600",BOITUVA,LESTE,-23.31422738,-47.64397563,13.80,27.60,41.40,55.20,69.00,82.80,96.60,110.40,124.20,ativo,cobranca_confirmada,true,alta,alta,ARTESP Pedágio/Volume Pedagiado 2026,KMZ ARTESP l13.kmz - correspondência por praça/pórtico
sp_artesp_074_l13_colinas_boituva_,SP,ARTESP,estadual,ARTESP/SP concessionárias,L13-COLINAS,,BOITUVA,praca_fisica,SP280,"111,600",BOITUVA,OESTE,-23.31422738,-47.64397563,13.80,27.60,41.40,55.20,69.00,82.80,96.60,110.40,124.20,ativo,cobranca_confirmada,true,alta,alta,ARTESP Pedágio/Volume Pedagiado 2026,KMZ ARTESP l13.kmz - correspondência por praça/pórtico
sp_artesp_075_l13_colinas_indaiatuba_,SP,ARTESP,estadual,ARTESP/SP concessionárias,L13-COLINAS,,INDAIATUBA,praca_fisica,SP075,"60,800",INDAIATUBA,NORTE,-23.06293242,-47.15542492,19.40,38.80,58.20,77.60,97.00,116.40,135.80,155.20,174.60,ativo,cobranca_confirmada,true,alta,alta,ARTESP Pedágio/Volume Pedagiado 2026,KMZ ARTESP l13.kmz - correspondência por praça/pórtico
sp_artesp_076_l13_colinas_indaiatuba_,SP,ARTESP,estadual,ARTESP/SP concessionárias,L13-COLINAS,,INDAIATUBA,praca_fisica,SP075,"60,800",INDAIATUBA,SUL,-23.06293242,-47.15542492,19.40,38.80,58.20,77.60,97.00,116.40,135.80,155.20,174.60,ativo,cobranca_confirmada,true,alta,alta,ARTESP Pedágio/Volume Pedagiado 2026,KMZ ARTESP l13.kmz - correspondência por praça/pórtico
sp_artesp_077_l13_colinas_itupeva_,SP,ARTESP,estadual,ARTESP/SP concessionárias,L13-COLINAS,,ITUPEVA,praca_fisica,SP300,"76,680",ITUPEVA,LESTE,-23.23564366,-47.04227388,10.60,21.20,31.80,42.40,53.00,63.60,74.20,84.80,95.40,ativo,cobranca_confirmada,true,alta,alta,ARTESP Pedágio/Volume Pedagiado 2026,KMZ ARTESP l13.kmz - correspondência por praça/pórtico
sp_artesp_078_l13_colinas_itupeva_,SP,ARTESP,estadual,ARTESP/SP concessionárias,L13-COLINAS,,ITUPEVA,praca_fisica,SP300,"76,680",ITUPEVA,OESTE,-23.23564366,-47.04227388,10.60,21.20,31.80,42.40,53.00,63.60,74.20,84.80,95.40,ativo,cobranca_confirmada,true,alta,alta,ARTESP Pedágio/Volume Pedagiado 2026,KMZ ARTESP l13.kmz - correspondência por praça/pórtico
sp_artesp_079_l13_colinas_porto_feliz_,SP,ARTESP,estadual,ARTESP/SP concessionárias,L13-COLINAS,,PORTO FELIZ,praca_fisica,SP300,"136,722",PORTO FELIZ,LESTE,-23.22797067,-47.56241152,11.00,22.00,33.00,44.00,55.00,66.00,77.00,88.00,99.00,ativo,cobranca_confirmada,true,alta,alta,ARTESP Pedágio/Volume Pedagiado 2026,KMZ ARTESP l13.kmz - correspondência por praça/pórtico
sp_artesp_080_l13_colinas_porto_feliz_,SP,ARTESP,estadual,ARTESP/SP concessionárias,L13-COLINAS,,PORTO FELIZ,praca_fisica,SP300,"136,722",PORTO FELIZ,OESTE,-23.22797067,-47.56241152,11.00,22.00,33.00,44.00,55.00,66.00,77.00,88.00,99.00,ativo,cobranca_confirmada,true,alta,alta,ARTESP Pedágio/Volume Pedagiado 2026,KMZ ARTESP l13.kmz - correspondência por praça/pórtico
sp_artesp_081_l13_colinas_aeroporto_,SP,ARTESP,estadual,ARTESP/SP concessionárias,L13-COLINAS,,PÓRTICO AEROPORTO,portico_free_flow,SP075,66+700,Campinas,NORTE,-23.02050572,-47.12220908,1.50,3.00,4.50,6.00,7.50,9.00,10.50,12.00,13.50,ativo,cobranca_confirmada,true,alta,alta,ARTESP Pedágio/Volume Pedagiado 2026,KMZ ARTESP l13.kmz
sp_artesp_082_l13_colinas_aeroporto_,SP,ARTESP,estadual,ARTESP/SP concessionárias,L13-COLINAS,,PÓRTICO AEROPORTO,portico_free_flow,SP075,66+700,Campinas,SUL,-23.02050572,-47.12220908,1.50,3.00,4.50,6.00,7.50,9.00,10.50,12.00,13.50,ativo,cobranca_confirmada,true,alta,alta,ARTESP Pedágio/Volume Pedagiado 2026,KMZ ARTESP l13.kmz
sp_artesp_083_l13_colinas_campinas_,SP,ARTESP,estadual,ARTESP/SP concessionárias,L13-COLINAS,,PÓRTICO CAMPINAS,portico_free_flow,SP075,66,Campinas,NORTE,-22.98730615,-47.10663092,2.70,5.40,8.10,10.80,13.50,16.20,18.90,21.60,24.30,ativo,cobranca_confirmada,true,alta,alta,ARTESP Pedágio/Volume Pedagiado 2026,KMZ ARTESP l13.kmz
sp_artesp_084_l13_colinas_campinas_,SP,ARTESP,estadual,ARTESP/SP concessionárias,L13-COLINAS,,PÓRTICO CAMPINAS,portico_free_flow,SP075,66,Campinas,SUL,-22.98730615,-47.10663092,2.70,5.40,8.10,10.80,13.50,16.20,18.90,21.60,24.30,ativo,cobranca_confirmada,true,alta,alta,ARTESP Pedágio/Volume Pedagiado 2026,KMZ ARTESP l13.kmz
sp_artesp_085_l13_colinas_itu_,SP,ARTESP,estadual,ARTESP/SP concessionárias,L13-COLINAS,,PÓRTICO ITU - 1,portico_free_flow,SP075,25,Itu,NORTE,-23.29518643,-47.33086590,13.80,27.60,41.40,55.20,69.00,82.80,96.60,110.40,124.20,ativo,cobranca_confirmada,true,alta,alta,ARTESP Pedágio/Volume Pedagiado 2026,KMZ ARTESP l13.kmz - correspondência por praça/pórtico
sp_artesp_086_l13_colinas_itu_,SP,ARTESP,estadual,ARTESP/SP concessionárias,L13-COLINAS,,PÓRTICO ITU - 1,portico_free_flow,SP075,25,Itu,SUL,-23.29518643,-47.33086590,13.80,27.60,41.40,55.20,69.00,82.80,96.60,110.40,124.20,ativo,cobranca_confirmada,true,alta,alta,ARTESP Pedágio/Volume Pedagiado 2026,KMZ ARTESP l13.kmz - correspondência por praça/pórtico
sp_artesp_087_l13_colinas_itu_,SP,ARTESP,estadual,ARTESP/SP concessionárias,L13-COLINAS,,PÓRTICO ITU - 2,portico_free_flow,SP075,25,Itu,NORTE,-23.29518643,-47.33086590,13.80,27.60,41.40,55.20,69.00,82.80,96.60,110.40,124.20,ativo,cobranca_confirmada,true,alta,alta,ARTESP Pedágio/Volume Pedagiado 2026,KMZ ARTESP l13.kmz - correspondência por praça/pórtico
sp_artesp_088_l13_colinas_salto_,SP,ARTESP,estadual,ARTESP/SP concessionárias,L13-COLINAS,,PÓRTICO SALTO - 1,portico_free_flow,SP075,33,Salto,SUL,-23.22943877,-47.31751659,3.50,7.00,10.50,14.00,17.50,21.00,24.50,28.00,31.50,ativo,cobranca_confirmada,true,alta,alta,ARTESP Pedágio/Volume Pedagiado 2026,KMZ ARTESP l13.kmz - correspondência por praça/pórtico
sp_artesp_089_l13_colinas_salto_,SP,ARTESP,estadual,ARTESP/SP concessionárias,L13-COLINAS,,PÓRTICO SALTO - 2,portico_free_flow,SP075,33,Salto,NORTE,-23.22943877,-47.31751659,3.50,7.00,10.50,14.00,17.50,21.00,24.50,28.00,31.50,ativo,cobranca_confirmada,true,alta,alta,ARTESP Pedágio/Volume Pedagiado 2026,KMZ ARTESP l13.kmz - correspondência por praça/pórtico
sp_artesp_090_l13_colinas_salto_,SP,ARTESP,estadual,ARTESP/SP concessionárias,L13-COLINAS,,PÓRTICO SALTO - 3,portico_free_flow,SP075,33,Salto,SUL,-23.22943877,-47.31751659,3.50,7.00,10.50,14.00,17.50,21.00,24.50,28.00,31.50,ativo,cobranca_confirmada,true,alta,alta,ARTESP Pedágio/Volume Pedagiado 2026,KMZ ARTESP l13.kmz - correspondência por praça/pórtico
sp_artesp_091_l13_colinas_rio_claro_,SP,ARTESP,estadual,ARTESP/SP concessionárias,L13-COLINAS,,RIO CLARO,praca_fisica,SP127,"12,625",PIRACICABA,NORTE,-22.54427379,-47.58199011,8.80,17.60,26.40,35.20,44.00,52.80,61.60,70.40,79.20,ativo,cobranca_confirmada,true,alta,alta,ARTESP Pedágio/Volume Pedagiado 2026,KMZ ARTESP l13.kmz - correspondência por praça/pórtico
sp_artesp_092_l13_colinas_rio_claro_,SP,ARTESP,estadual,ARTESP/SP concessionárias,L13-COLINAS,,RIO CLARO,praca_fisica,SP127,"12,625",PIRACICABA,SUL,-22.54427379,-47.58199011,8.80,17.60,26.40,35.20,44.00,52.80,61.60,70.40,79.20,ativo,cobranca_confirmada,true,alta,alta,ARTESP Pedágio/Volume Pedagiado 2026,KMZ ARTESP l13.kmz - correspondência por praça/pórtico
sp_artesp_093_l13_colinas_rio_pedras_,SP,ARTESP,estadual,ARTESP/SP concessionárias,L13-COLINAS,,RIO DAS PEDRAS,praca_fisica,SP127,"58,600",RIO DAS PEDRAS,NORTE,-22.91048001,-47.70846294,14.20,28.40,42.60,56.80,71.00,85.20,99.40,113.60,127.80,ativo,cobranca_confirmada,true,alta,alta,ARTESP Pedágio/Volume Pedagiado 2026,KMZ ARTESP l13.kmz - correspondência por praça/pórtico
sp_artesp_094_l13_colinas_rio_pedras_,SP,ARTESP,estadual,ARTESP/SP concessionárias,L13-COLINAS,,RIO DAS PEDRAS,praca_fisica,SP127,"58,600",RIO DAS PEDRAS,SUL,-22.91048001,-47.70846294,14.20,28.40,42.60,56.80,71.00,85.20,99.40,113.60,127.80,ativo,cobranca_confirmada,true,alta,alta,ARTESP Pedágio/Volume Pedagiado 2026,KMZ ARTESP l13.kmz - correspondência por praça/pórtico
sp_artesp_095_l16_cart_assis_,SP,ARTESP,estadual,ARTESP/SP concessionárias,L16-CART,,ASSIS,praca_fisica,SP270,"453,590",ASSIS,LESTE,-22.63296119,-50.49649000,12.70,25.40,38.10,50.80,63.50,76.20,88.90,101.60,114.30,ativo,cobranca_confirmada,true,alta,alta,ARTESP Pedágio/Volume Pedagiado 2026,KMZ ARTESP l16.kmz - correspondência por praça/pórtico
sp_artesp_096_l16_cart_assis_,SP,ARTESP,estadual,ARTESP/SP concessionárias,L16-CART,,ASSIS,praca_fisica,SP270,"453,590",ASSIS,OESTE,-22.63296119,-50.49649000,12.70,25.40,38.10,50.80,63.50,76.20,88.90,101.60,114.30,ativo,cobranca_confirmada,true,alta,alta,ARTESP Pedágio/Volume Pedagiado 2026,KMZ ARTESP l16.kmz - correspondência por praça/pórtico
sp_artesp_097_l16_cart_caiua_,SP,ARTESP,estadual,ARTESP/SP concessionárias,L16-CART,,CAIUÁ,praca_fisica,SP270,"639,000",CAIUÁ,LESTE,-21.84809533,-52.02263000,10.30,20.60,30.90,41.20,51.50,61.80,72.10,82.40,92.70,ativo,cobranca_confirmada,true,alta,alta,ARTESP Pedágio/Volume Pedagiado 2026,KMZ ARTESP l16.kmz - correspondência por praça/pórtico
sp_artesp_098_l16_cart_caiua_,SP,ARTESP,estadual,ARTESP/SP concessionárias,L16-CART,,CAIUÁ,praca_fisica,SP270,"639,000",CAIUÁ,OESTE,-21.84809533,-52.02263000,10.30,20.60,30.90,41.20,51.50,61.80,72.10,82.40,92.70,ativo,cobranca_confirmada,true,alta,alta,ARTESP Pedágio/Volume Pedagiado 2026,KMZ ARTESP l16.kmz - correspondência por praça/pórtico
sp_artesp_099_l16_cart_ourinhos_,SP,ARTESP,estadual,ARTESP/SP concessionárias,L16-CART,,OURINHOS,praca_fisica,SP327,"14,500",SANTA CRUZ DO RIO PARDO,LESTE,-22.89374509,-49.72330000,10.30,20.60,30.90,41.20,51.50,61.80,72.10,82.40,92.70,ativo,cobranca_confirmada,true,alta,alta,ARTESP Pedágio/Volume Pedagiado 2026,KMZ ARTESP l16.kmz - correspondência por praça/pórtico
sp_artesp_100_l16_cart_ourinhos_,SP,ARTESP,estadual,ARTESP/SP concessionárias,L16-CART,,OURINHOS,praca_fisica,SP327,"14,500",SANTA CRUZ DO RIO PARDO,OESTE,-22.89374509,-49.72330000,10.30,20.60,30.90,41.20,51.50,61.80,72.10,82.40,92.70,ativo,cobranca_confirmada,true,alta,alta,ARTESP Pedágio/Volume Pedagiado 2026,KMZ ARTESP l16.kmz - correspondência por praça/pórtico
sp_artesp_101_l16_cart_palmital_,SP,ARTESP,estadual,ARTESP/SP concessionárias,L16-CART,,PALMITAL,praca_fisica,SP270,"413,400",PALMITAL,LESTE,-22.76976601,-50.14523000,12.20,24.40,36.60,48.80,61.00,73.20,85.40,97.60,109.80,ativo,cobranca_confirmada,true,alta,alta,ARTESP Pedágio/Volume Pedagiado 2026,KMZ ARTESP l16.kmz - correspondência por praça/pórtico
sp_artesp_102_l16_cart_palmital_,SP,ARTESP,estadual,ARTESP/SP concessionárias,L16-CART,,PALMITAL,praca_fisica,SP270,"413,400",PALMITAL,OESTE,-22.76976601,-50.14523000,12.20,24.40,36.60,48.80,61.00,73.20,85.40,97.60,109.80,ativo,cobranca_confirmada,true,alta,alta,ARTESP Pedágio/Volume Pedagiado 2026,KMZ ARTESP l16.kmz - correspondência por praça/pórtico
sp_artesp_103_l16_cart_piratininga_,SP,ARTESP,estadual,ARTESP/SP concessionárias,L16-CART,,PIRATININGA,praca_fisica,SP225,"251,900",BAURU,LESTE,-22.45095917,-49.17071000,10.20,20.40,30.60,40.80,51.00,61.20,71.40,81.60,91.80,ativo,cobranca_confirmada,true,alta,alta,ARTESP Pedágio/Volume Pedagiado 2026,KMZ ARTESP l16.kmz - correspondência por praça/pórtico
sp_artesp_104_l16_cart_piratininga_,SP,ARTESP,estadual,ARTESP/SP concessionárias,L16-CART,,PIRATININGA,praca_fisica,SP225,"251,900",BAURU,OESTE,-22.45095917,-49.17071000,10.20,20.40,30.60,40.80,51.00,61.20,71.40,81.60,91.80,ativo,cobranca_confirmada,true,alta,alta,ARTESP Pedágio/Volume Pedagiado 2026,KMZ ARTESP l16.kmz - correspondência por praça/pórtico
sp_artesp_105_l16_cart_pres_bernardes_,SP,ARTESP,estadual,ARTESP/SP concessionárias,L16-CART,,PRES. BERNARDES,praca_fisica,SP270,590,Presidente Bernardes,LESTE,-22.02087281,-51.59988000,1.00,2.00,3.00,4.00,5.00,6.00,7.00,8.00,9.00,ativo,cobranca_confirmada,true,alta,baixa,ARTESP Pedágio/Volume Pedagiado 2026,KMZ ARTESP l16.kmz - correspondência por praça/pórtico
sp_artesp_106_l16_cart_pres_bernardes_,SP,ARTESP,estadual,ARTESP/SP concessionárias,L16-CART,,PRES. BERNARDES,praca_fisica,SP270,590,Presidente Bernardes,OESTE,-22.02087281,-51.59988000,1.00,2.00,3.00,4.00,5.00,6.00,7.00,8.00,9.00,ativo,cobranca_confirmada,true,alta,baixa,ARTESP Pedágio/Volume Pedagiado 2026,KMZ ARTESP l16.kmz - correspondência por praça/pórtico
sp_artesp_107_l16_cart_rancharia_,SP,ARTESP,estadual,ARTESP/SP concessionárias,L16-CART,,RANCHARIA,praca_fisica,SP270,"512,000",RANCHARIA,LESTE,-22.43526100,-51.00838000,10.40,20.80,31.20,41.60,52.00,62.40,72.80,83.20,93.60,ativo,cobranca_confirmada,true,alta,alta,ARTESP Pedágio/Volume Pedagiado 2026,KMZ ARTESP l16.kmz - correspondência por praça/pórtico
sp_artesp_108_l16_cart_rancharia_,SP,ARTESP,estadual,ARTESP/SP concessionárias,L16-CART,,RANCHARIA,praca_fisica,SP270,"512,300",RANCHARIA,OESTE,-22.43526100,-51.00838000,10.40,20.80,31.20,41.60,52.00,62.40,72.80,83.20,93.60,ativo,cobranca_confirmada,true,alta,alta,ARTESP Pedágio/Volume Pedagiado 2026,KMZ ARTESP l16.kmz - correspondência por praça/pórtico
sp_artesp_109_l16_cart_regente_feijo_,SP,ARTESP,estadual,ARTESP/SP concessionárias,L16-CART,,REGENTE FEIJÓ,praca_fisica,SP270,"541,540",REGENTE FEIJÓ,LESTE,-22.30405940,-51.25331000,10.40,20.80,31.20,41.60,52.00,62.40,72.80,83.20,93.60,ativo,cobranca_confirmada,true,alta,alta,ARTESP Pedágio/Volume Pedagiado 2026,KMZ ARTESP l16.kmz - correspondência por praça/pórtico
sp_artesp_110_l16_cart_regente_feijo_,SP,ARTESP,estadual,ARTESP/SP concessionárias,L16-CART,,REGENTE FEIJÓ,praca_fisica,SP270,"541,540",REGENTE FEIJÓ,OESTE,-22.30405940,-51.25331000,10.40,20.80,31.20,41.60,52.00,62.40,72.80,83.20,93.60,ativo,cobranca_confirmada,true,alta,alta,ARTESP Pedágio/Volume Pedagiado 2026,KMZ ARTESP l16.kmz - correspondência por praça/pórtico
sp_artesp_111_l16_cart_sta_cruz_r_pardo_,SP,ARTESP,estadual,ARTESP/SP concessionárias,L16-CART,,STA. CRUZ R. PARDO,praca_fisica,SP225,300,Santa Cruz do Rio Pardo,LESTE,-22.74905737,-49.47842000,1.00,2.00,3.00,4.00,5.00,6.00,7.00,8.00,9.00,ativo,cobranca_confirmada,true,alta,baixa,ARTESP Pedágio/Volume Pedagiado 2026,KMZ ARTESP l16.kmz - correspondência por praça/pórtico
sp_artesp_112_l16_cart_sta_cruz_r_pardo_,SP,ARTESP,estadual,ARTESP/SP concessionárias,L16-CART,,STA. CRUZ R. PARDO,praca_fisica,SP225,300,Santa Cruz do Rio Pardo,OESTE,-22.74905737,-49.47842000,1.00,2.00,3.00,4.00,5.00,6.00,7.00,8.00,9.00,ativo,cobranca_confirmada,true,alta,baixa,ARTESP Pedágio/Volume Pedagiado 2026,KMZ ARTESP l16.kmz - correspondência por praça/pórtico
sp_artesp_113_l19_viarondon_avai_,SP,ARTESP,estadual,ARTESP/SP concessionárias,L19-VIARONDON,,AVAÍ,praca_fisica,SP300,"367,762",AVAÍ,LESTE,-22.16738926,-49.23974081,8.50,17.00,25.50,34.00,42.50,51.00,59.50,68.00,76.50,ativo,cobranca_confirmada,true,alta,alta,ARTESP Pedágio/Volume Pedagiado 2026,KMZ ARTESP l19.kmz - correspondência por praça/pórtico
sp_artesp_114_l19_viarondon_avai_,SP,ARTESP,estadual,ARTESP/SP concessionárias,L19-VIARONDON,,AVAÍ,praca_fisica,SP300,"367,762",AVAÍ,OESTE,-22.16738926,-49.23974081,8.50,17.00,25.50,34.00,42.50,51.00,59.50,68.00,76.50,ativo,cobranca_confirmada,true,alta,alta,ARTESP Pedágio/Volume Pedagiado 2026,KMZ ARTESP l19.kmz - correspondência por praça/pórtico
sp_artesp_115_l19_viarondon_castilho_,SP,ARTESP,estadual,ARTESP/SP concessionárias,L19-VIARONDON,,CASTILHO,praca_fisica,SP300,"655,800",CASTILHO,LESTE,-20.83075433,-51.50412062,5.20,10.40,15.60,20.80,26.00,31.20,36.40,41.60,46.80,ativo,cobranca_confirmada,true,alta,alta,ARTESP Pedágio/Volume Pedagiado 2026,KMZ ARTESP l19.kmz - correspondência por praça/pórtico
sp_artesp_116_l19_viarondon_castilho_,SP,ARTESP,estadual,ARTESP/SP concessionárias,L19-VIARONDON,,CASTILHO,praca_fisica,SP300,"655,800",CASTILHO,OESTE,-20.83075433,-51.50412062,5.20,10.40,15.60,20.80,26.00,31.20,36.40,41.60,46.80,ativo,cobranca_confirmada,true,alta,alta,ARTESP Pedágio/Volume Pedagiado 2026,KMZ ARTESP l19.kmz - correspondência por praça/pórtico
sp_artesp_117_l19_viarondon_glicerio_,SP,ARTESP,estadual,ARTESP/SP concessionárias,L19-VIARONDON,,GLICÉRIO,praca_fisica,SP300,"497,910",GLICÉRIO,LESTE,-21.41568705,-50.19500859,10.60,21.20,31.80,42.40,53.00,63.60,74.20,84.80,95.40,ativo,cobranca_confirmada,true,alta,alta,ARTESP Pedágio/Volume Pedagiado 2026,KMZ ARTESP l19.kmz - correspondência por praça/pórtico
sp_artesp_118_l19_viarondon_glicerio_,SP,ARTESP,estadual,ARTESP/SP concessionárias,L19-VIARONDON,,GLICÉRIO,praca_fisica,SP300,"497,910",GLICÉRIO,OESTE,-21.41568705,-50.19500859,10.60,21.20,31.80,42.40,53.00,63.60,74.20,84.80,95.40,ativo,cobranca_confirmada,true,alta,alta,ARTESP Pedágio/Volume Pedagiado 2026,KMZ ARTESP l19.kmz - correspondência por praça/pórtico
sp_artesp_119_l19_viarondon_guaracai_,SP,ARTESP,estadual,ARTESP/SP concessionárias,L19-VIARONDON,,GUARAÇAÍ,praca_fisica,SP300,"621,205",GUARAÇAÍ,LESTE,-20.98495682,-51.22352443,7.00,14.00,21.00,28.00,35.00,42.00,49.00,56.00,63.00,ativo,cobranca_confirmada,true,alta,alta,ARTESP Pedágio/Volume Pedagiado 2026,KMZ ARTESP l19.kmz - correspondência por praça/pórtico
sp_artesp_120_l19_viarondon_guaracai_,SP,ARTESP,estadual,ARTESP/SP concessionárias,L19-VIARONDON,,GUARAÇAÍ,praca_fisica,SP300,"621,205",GUARAÇAÍ,OESTE,-20.98495682,-51.22352443,7.00,14.00,21.00,28.00,35.00,42.00,49.00,56.00,63.00,ativo,cobranca_confirmada,true,alta,alta,ARTESP Pedágio/Volume Pedagiado 2026,KMZ ARTESP l19.kmz - correspondência por praça/pórtico
sp_artesp_121_l19_viarondon_lavinia_,SP,ARTESP,estadual,ARTESP/SP concessionárias,L19-VIARONDON,,LAVÍNIA,praca_fisica,SP300,"590,480",LAVÍNIA,LESTE,-21.14054099,-50.97675073,7.20,14.40,21.60,28.80,36.00,43.20,50.40,57.60,64.80,ativo,cobranca_confirmada,true,alta,alta,ARTESP Pedágio/Volume Pedagiado 2026,KMZ ARTESP l19.kmz - correspondência por praça/pórtico
sp_artesp_122_l19_viarondon_lavinia_,SP,ARTESP,estadual,ARTESP/SP concessionárias,L19-VIARONDON,,LAVÍNIA,praca_fisica,SP300,"590,480",LAVÍNIA,OESTE,-21.14054099,-50.97675073,7.20,14.40,21.60,28.80,36.00,43.20,50.40,57.60,64.80,ativo,cobranca_confirmada,true,alta,alta,ARTESP Pedágio/Volume Pedagiado 2026,KMZ ARTESP l19.kmz - correspondência por praça/pórtico
sp_artesp_123_l19_viarondon_pirajui_,SP,ARTESP,estadual,ARTESP/SP concessionárias,L19-VIARONDON,,PIRAJUÍ,praca_fisica,SP300,"400,800",PIRAJUÍ,LESTE,-21.95892232,-49.46629108,8.00,16.00,24.00,32.00,40.00,48.00,56.00,64.00,72.00,ativo,cobranca_confirmada,true,alta,alta,ARTESP Pedágio/Volume Pedagiado 2026,KMZ ARTESP l19.kmz - correspondência por praça/pórtico
sp_artesp_124_l19_viarondon_pirajui_,SP,ARTESP,estadual,ARTESP/SP concessionárias,L19-VIARONDON,,PIRAJUÍ,praca_fisica,SP300,"400,800",PIRAJUÍ,OESTE,-21.95892232,-49.46629108,8.00,16.00,24.00,32.00,40.00,48.00,56.00,64.00,72.00,ativo,cobranca_confirmada,true,alta,alta,ARTESP Pedágio/Volume Pedagiado 2026,KMZ ARTESP l19.kmz - correspondência por praça/pórtico
sp_artesp_125_l19_viarondon_promissao_,SP,ARTESP,estadual,ARTESP/SP concessionárias,L19-VIARONDON,,PROMISSÃO,praca_fisica,SP300,"455,700",PROMISSÃO,LESTE,-21.62205794,-49.85288666,9.60,19.20,28.80,38.40,48.00,57.60,67.20,76.80,86.40,ativo,cobranca_confirmada,true,alta,alta,ARTESP Pedágio/Volume Pedagiado 2026,KMZ ARTESP l19.kmz - correspondência por praça/pórtico
sp_artesp_126_l19_viarondon_promissao_,SP,ARTESP,estadual,ARTESP/SP concessionárias,L19-VIARONDON,,PROMISSÃO,praca_fisica,SP300,"455,700",PROMISSÃO,OESTE,-21.62205794,-49.85288666,9.60,19.20,28.80,38.40,48.00,57.60,67.20,76.80,86.40,ativo,cobranca_confirmada,true,alta,alta,ARTESP Pedágio/Volume Pedagiado 2026,KMZ ARTESP l19.kmz - correspondência por praça/pórtico
sp_artesp_127_l19_viarondon_rubiacea_,SP,ARTESP,estadual,ARTESP/SP concessionárias,L19-VIARONDON,,RUBIÁCEA,praca_fisica,SP300,"562,000",RUBIÁCEA,LESTE,-21.21031901,-50.73223889,9.10,18.20,27.30,36.40,45.50,54.60,63.70,72.80,81.90,ativo,cobranca_confirmada,true,alta,alta,ARTESP Pedágio/Volume Pedagiado 2026,KMZ ARTESP l19.kmz - correspondência por praça/pórtico
sp_artesp_128_l19_viarondon_rubiacea_,SP,ARTESP,estadual,ARTESP/SP concessionárias,L19-VIARONDON,,RUBIÁCEA,praca_fisica,SP300,"562,000",RUBIÁCEA,OESTE,-21.21031901,-50.73223889,9.10,18.20,27.30,36.40,45.50,54.60,63.70,72.80,81.90,ativo,cobranca_confirmada,true,alta,alta,ARTESP Pedágio/Volume Pedagiado 2026,KMZ ARTESP l19.kmz - correspondência por praça/pórtico
sp_artesp_129_l20_spvias_alambari_,SP,ARTESP,estadual,ARTESP/SP concessionárias,L20-SPVIAS,,ALAMBARI,praca_fisica,SP270,"135,300",SARAPUÍ,LESTE,-23.55296164,-47.77782405,12.10,24.20,36.30,48.40,60.50,72.60,84.70,96.80,108.90,ativo,cobranca_confirmada,true,alta,alta,ARTESP Pedágio/Volume Pedagiado 2026,KMZ ARTESP l20.kmz - correspondência por praça/pórtico
sp_artesp_130_l20_spvias_alambari_,SP,ARTESP,estadual,ARTESP/SP concessionárias,L20-SPVIAS,,ALAMBARI,praca_fisica,SP270,"135,300",SARAPUÍ,OESTE,-23.55296164,-47.77782405,12.10,24.20,36.30,48.40,60.50,72.60,84.70,96.80,108.90,ativo,cobranca_confirmada,true,alta,alta,ARTESP Pedágio/Volume Pedagiado 2026,KMZ ARTESP l20.kmz - correspondência por praça/pórtico
sp_artesp_131_l20_spvias_avare_,SP,ARTESP,estadual,ARTESP/SP concessionárias,L20-SPVIAS,,AVARÉ,praca_fisica,SP255,"240,260",AVARÉ,NORTE,-22.98099443,-48.82281562,10.80,21.60,32.40,43.20,54.00,64.80,75.60,86.40,97.20,ativo,cobranca_confirmada,true,alta,alta,ARTESP Pedágio/Volume Pedagiado 2026,KMZ ARTESP l20.kmz - correspondência por praça/pórtico
sp_artesp_132_l20_spvias_avare_,SP,ARTESP,estadual,ARTESP/SP concessionárias,L20-SPVIAS,,AVARÉ,praca_fisica,SP255,"240,260",AVARÉ,SUL,-22.98099443,-48.82281562,10.80,21.60,32.40,43.20,54.00,64.80,75.60,86.40,97.20,ativo,cobranca_confirmada,true,alta,alta,ARTESP Pedágio/Volume Pedagiado 2026,KMZ ARTESP l20.kmz - correspondência por praça/pórtico
sp_artesp_133_l20_spvias_buri_,SP,ARTESP,estadual,ARTESP/SP concessionárias,L20-SPVIAS,,BURI,praca_fisica,SP258,"250,100",TAQUARIVAÍ,LESTE,-23.93872428,-48.57482095,15.40,30.80,46.20,61.60,77.00,92.40,107.80,123.20,138.60,ativo,cobranca_confirmada,true,alta,alta,ARTESP Pedágio/Volume Pedagiado 2026,KMZ ARTESP l20.kmz - correspondência por praça/pórtico
sp_artesp_134_l20_spvias_buri_,SP,ARTESP,estadual,ARTESP/SP concessionárias,L20-SPVIAS,,BURI,praca_fisica,SP258,"250,100",TAQUARIVAÍ,OESTE,-23.93872428,-48.57482095,15.40,30.80,46.20,61.60,77.00,92.40,107.80,123.20,138.60,ativo,cobranca_confirmada,true,alta,alta,ARTESP Pedágio/Volume Pedagiado 2026,KMZ ARTESP l20.kmz - correspondência por praça/pórtico
sp_artesp_135_l20_spvias_gramadao_,SP,ARTESP,estadual,ARTESP/SP concessionárias,L20-SPVIAS,,GRAMADÃO,praca_fisica,SP127,"196,700",CAPÃO BONITO,NORTE,-23.87379517,-48.24217143,14.30,28.60,42.90,57.20,71.50,85.80,100.10,114.40,128.70,ativo,cobranca_confirmada,true,alta,alta,ARTESP Pedágio/Volume Pedagiado 2026,KMZ ARTESP l20.kmz - correspondência por praça/pórtico
sp_artesp_136_l20_spvias_gramadao_,SP,ARTESP,estadual,ARTESP/SP concessionárias,L20-SPVIAS,,GRAMADÃO,praca_fisica,SP127,"196,700",CAPÃO BONITO,SUL,-23.87379517,-48.24217143,14.30,28.60,42.90,57.20,71.50,85.80,100.10,114.40,128.70,ativo,cobranca_confirmada,true,alta,alta,ARTESP Pedágio/Volume Pedagiado 2026,KMZ ARTESP l20.kmz - correspondência por praça/pórtico
sp_artesp_137_l20_spvias_iaras_,SP,ARTESP,estadual,ARTESP/SP concessionárias,L20-SPVIAS,,IARAS,praca_fisica,SP280,"278,000",IARAS,LESTE,-22.87520204,-49.14465800,13.20,26.40,39.60,52.80,66.00,79.20,92.40,105.60,118.80,ativo,cobranca_confirmada,true,alta,alta,ARTESP Pedágio/Volume Pedagiado 2026,KMZ ARTESP l20.kmz - correspondência por praça/pórtico
sp_artesp_138_l20_spvias_iaras_,SP,ARTESP,estadual,ARTESP/SP concessionárias,L20-SPVIAS,,IARAS,praca_fisica,SP280,"278,000",IARAS,OESTE,-22.87520204,-49.14465800,13.20,26.40,39.60,52.80,66.00,79.20,92.40,105.60,118.80,ativo,cobranca_confirmada,true,alta,alta,ARTESP Pedágio/Volume Pedagiado 2026,KMZ ARTESP l20.kmz - correspondência por praça/pórtico
sp_artesp_139_l20_spvias_itarare_,SP,ARTESP,estadual,ARTESP/SP concessionárias,L20-SPVIAS,,ITARARÉ,praca_fisica,SP258,"326,000",ITARARÉ,LESTE,-24.09082119,-49.22718947,9.90,19.80,29.70,39.60,49.50,59.40,69.30,79.20,89.10,ativo,cobranca_confirmada,true,alta,alta,ARTESP Pedágio/Volume Pedagiado 2026,KMZ ARTESP l20.kmz - correspondência por praça/pórtico
sp_artesp_140_l20_spvias_itarare_,SP,ARTESP,estadual,ARTESP/SP concessionárias,L20-SPVIAS,,ITARARÉ,praca_fisica,SP258,"326,000",ITARARÉ,OESTE,-24.09082119,-49.22718947,9.90,19.80,29.70,39.60,49.50,59.40,69.30,79.20,89.10,ativo,cobranca_confirmada,true,alta,alta,ARTESP Pedágio/Volume Pedagiado 2026,KMZ ARTESP l20.kmz - correspondência por praça/pórtico
sp_artesp_141_l20_spvias_itatinga_,SP,ARTESP,estadual,ARTESP/SP concessionárias,L20-SPVIAS,,ITATINGA,praca_fisica,SP280,"208,400",ITATINGA,LESTE,-23.08293796,-48.51517949,19.40,38.80,58.20,77.60,97.00,116.40,135.80,155.20,174.60,ativo,cobranca_confirmada,true,alta,alta,ARTESP Pedágio/Volume Pedagiado 2026,KMZ ARTESP l20.kmz - correspondência por praça/pórtico
sp_artesp_142_l20_spvias_itatinga_,SP,ARTESP,estadual,ARTESP/SP concessionárias,L20-SPVIAS,,ITATINGA,praca_fisica,SP280,"208,400",ITATINGA,OESTE,-23.08293796,-48.51517949,19.40,38.80,58.20,77.60,97.00,116.40,135.80,155.20,174.60,ativo,cobranca_confirmada,true,alta,alta,ARTESP Pedágio/Volume Pedagiado 2026,KMZ ARTESP l20.kmz - correspondência por praça/pórtico
sp_artesp_143_l20_spvias_morro_i_,SP,ARTESP,estadual,ARTESP/SP concessionárias,L20-SPVIAS,,MORRO I NORTE,praca_fisica,SP127,128,Tatuí / Itapetininga,NORTE,-23.43472417,-47.93805423,15.90,31.80,47.70,63.60,79.50,95.40,111.30,127.20,143.10,ativo,cobranca_confirmada,true,alta,alta,ARTESP Pedágio/Volume Pedagiado 2026,KMZ ARTESP l20.kmz - correspondência por praça/pórtico
sp_artesp_144_l20_spvias_morro_ii_,SP,ARTESP,estadual,ARTESP/SP concessionárias,L20-SPVIAS,,MORRO II SUL,praca_fisica,SP127,133,Tatuí / Itapetininga,SUL,-23.47089661,-47.96798963,15.90,31.80,47.70,63.60,79.50,95.40,111.30,127.20,143.10,ativo,cobranca_confirmada,true,alta,alta,ARTESP Pedágio/Volume Pedagiado 2026,KMZ ARTESP l20.kmz - correspondência por praça/pórtico
sp_artesp_145_l20_spvias_quadra_,SP,ARTESP,estadual,ARTESP/SP concessionárias,L20-SPVIAS,,QUADRA,praca_fisica,SP280,"158,300",QUADRA,LESTE,-23.24611935,-48.08597175,19.40,38.80,58.20,77.60,97.00,116.40,135.80,155.20,174.60,ativo,cobranca_confirmada,true,alta,alta,ARTESP Pedágio/Volume Pedagiado 2026,KMZ ARTESP l20.kmz - correspondência por praça/pórtico
sp_artesp_146_l20_spvias_quadra_,SP,ARTESP,estadual,ARTESP/SP concessionárias,L20-SPVIAS,,QUADRA,praca_fisica,SP280,"158,300",QUADRA,OESTE,-23.24611935,-48.08597175,19.40,38.80,58.20,77.60,97.00,116.40,135.80,155.20,174.60,ativo,cobranca_confirmada,true,alta,alta,ARTESP Pedágio/Volume Pedagiado 2026,KMZ ARTESP l20.kmz - correspondência por praça/pórtico
sp_artesp_147_l21_rod_tiete_anhembi_,SP,ARTESP,estadual,ARTESP/SP concessionárias,L21-ROD. DO TIETÊ,,ANHEMBI,praca_fisica,SP300,"228,200",ANHEMBI,LESTE,-22.94797984,-48.28585352,11.00,22.00,33.00,44.00,55.00,66.00,77.00,88.00,99.00,ativo,cobranca_confirmada,true,alta,media,ARTESP Pedágio/Volume Pedagiado 2026,KMZ ARTESP l21.kmz - correspondência por praça/pórtico
sp_artesp_148_l21_rod_tiete_anhembi_,SP,ARTESP,estadual,ARTESP/SP concessionárias,L21-ROD. DO TIETÊ,,ANHEMBI,praca_fisica,SP300,"228,200",ANHEMBI,OESTE,-22.94797984,-48.28585352,11.00,22.00,33.00,44.00,55.00,66.00,77.00,88.00,99.00,ativo,cobranca_confirmada,true,alta,media,ARTESP Pedágio/Volume Pedagiado 2026,KMZ ARTESP l21.kmz - correspondência por praça/pórtico
sp_artesp_149_l21_rod_tiete_areiopolis_,SP,ARTESP,estadual,ARTESP/SP concessionárias,L21-ROD. DO TIETÊ,,AREIOPOLIS,praca_fisica,SP300,"285,000",AREIÓPOLIS,LESTE,-22.67591882,-48.68868617,8.60,17.20,25.80,34.40,43.00,51.60,60.20,68.80,77.40,ativo,cobranca_confirmada,true,alta,media,ARTESP Pedágio/Volume Pedagiado 2026,KMZ ARTESP l21.kmz - correspondência por praça/pórtico
sp_artesp_150_l21_rod_tiete_areiopolis_,SP,ARTESP,estadual,ARTESP/SP concessionárias,L21-ROD. DO TIETÊ,,AREIOPOLIS,praca_fisica,SP300,"285,000",AREIÓPOLIS,OESTE,-22.67591882,-48.68868617,8.60,17.20,25.80,34.40,43.00,51.60,60.20,68.80,77.40,ativo,cobranca_confirmada,true,alta,media,ARTESP Pedágio/Volume Pedagiado 2026,KMZ ARTESP l21.kmz - correspondência por praça/pórtico
sp_artesp_151_l21_rod_tiete_botucatu_,SP,ARTESP,estadual,ARTESP/SP concessionárias,L21-ROD. DO TIETÊ,,BOTUCATU,praca_fisica,SP300,"259,300",BOTUCATU,LESTE,-22.83809947,-48.51664886,7.70,15.40,23.10,30.80,38.50,46.20,53.90,61.60,69.30,ativo,cobranca_confirmada,true,alta,media,ARTESP Pedágio/Volume Pedagiado 2026,KMZ ARTESP l21.kmz - correspondência por praça/pórtico
sp_artesp_152_l21_rod_tiete_botucatu_,SP,ARTESP,estadual,ARTESP/SP concessionárias,L21-ROD. DO TIETÊ,,BOTUCATU,praca_fisica,SP300,"259,300",BOTUCATU,OESTE,-22.83809947,-48.51664886,7.70,15.40,23.10,30.80,38.50,46.20,53.90,61.60,69.30,ativo,cobranca_confirmada,true,alta,media,ARTESP Pedágio/Volume Pedagiado 2026,KMZ ARTESP l21.kmz - correspondência por praça/pórtico
sp_artesp_153_l21_rod_tiete_conchas_,SP,ARTESP,estadual,ARTESP/SP concessionárias,L21-ROD. DO TIETÊ,,CONCHAS,praca_fisica,SP300,"192,100",CONCHAS,LESTE,-23.03113878,-47.98455549,9.70,19.40,29.10,38.80,48.50,58.20,67.90,77.60,87.30,ativo,cobranca_confirmada,true,alta,media,ARTESP Pedágio/Volume Pedagiado 2026,KMZ ARTESP l21.kmz - correspondência por praça/pórtico
sp_artesp_154_l21_rod_tiete_conchas_,SP,ARTESP,estadual,ARTESP/SP concessionárias,L21-ROD. DO TIETÊ,,CONCHAS,praca_fisica,SP300,"192,100",CONCHAS,OESTE,-23.03113878,-47.98455549,9.70,19.40,29.10,38.80,48.50,58.20,67.90,77.60,87.30,ativo,cobranca_confirmada,true,alta,media,ARTESP Pedágio/Volume Pedagiado 2026,KMZ ARTESP l21.kmz - correspondência por praça/pórtico
sp_artesp_155_l21_rod_tiete_elias_fausto_,SP,ARTESP,estadual,ARTESP/SP concessionárias,L21-ROD. DO TIETÊ,,ELIAS FAUSTO,praca_fisica,SP308,109,Elias Fausto,NORTE,-23.13466855,-47.36068699,4.90,9.80,14.70,19.60,24.50,29.40,34.30,39.20,44.10,ativo,cobranca_confirmada,true,alta,media,ARTESP Pedágio/Volume Pedagiado 2026,KMZ ARTESP l21.kmz - correspondência por praça/pórtico
sp_artesp_156_l21_rod_tiete_elias_fausto_,SP,ARTESP,estadual,ARTESP/SP concessionárias,L21-ROD. DO TIETÊ,,ELIAS FAUSTO,praca_fisica,SP308,109,Elias Fausto,SUL,-23.13466855,-47.36068699,4.90,9.80,14.70,19.60,24.50,29.40,34.30,39.20,44.10,ativo,cobranca_confirmada,true,alta,media,ARTESP Pedágio/Volume Pedagiado 2026,KMZ ARTESP l21.kmz - correspondência por praça/pórtico
sp_artesp_157_l21_rod_tiete_lencois_paulista_,SP,ARTESP,estadual,ARTESP/SP concessionárias,L21-ROD. DO TIETÊ,,LENÇÓIS PAULISTA,praca_fisica,SP300,314,Lençóis Paulista,LESTE,-22.51350009,-48.90460810,8.40,16.80,25.20,33.60,42.00,50.40,58.80,67.20,75.60,ativo,cobranca_confirmada,true,alta,media,ARTESP Pedágio/Volume Pedagiado 2026,KMZ ARTESP l21.kmz - correspondência por praça/pórtico
sp_artesp_158_l21_rod_tiete_lencois_paulista_,SP,ARTESP,estadual,ARTESP/SP concessionárias,L21-ROD. DO TIETÊ,,LENÇÓIS PAULISTA,praca_fisica,SP300,314,Lençóis Paulista,OESTE,-22.51350009,-48.90460810,8.40,16.80,25.20,33.60,42.00,50.40,58.80,67.20,75.60,ativo,cobranca_confirmada,true,alta,media,ARTESP Pedágio/Volume Pedagiado 2026,KMZ ARTESP l21.kmz - correspondência por praça/pórtico
sp_artesp_159_l21_rod_tiete_monte_mor_,SP,ARTESP,estadual,ARTESP/SP concessionárias,L21-ROD. DO TIETÊ,,MONTE MOR,praca_fisica,SP101,"29,700",MONTE MOR,LESTE,-22.97827581,-47.35135759,10.10,20.20,30.30,40.40,50.50,60.60,70.70,80.80,90.90,ativo,cobranca_confirmada,true,alta,media,ARTESP Pedágio/Volume Pedagiado 2026,KMZ ARTESP l21.kmz - correspondência por praça/pórtico
sp_artesp_160_l21_rod_tiete_monte_mor_,SP,ARTESP,estadual,ARTESP/SP concessionárias,L21-ROD. DO TIETÊ,,MONTE MOR,praca_fisica,SP101,"29,700",MONTE MOR,OESTE,-22.97827581,-47.35135759,10.10,20.20,30.30,40.40,50.50,60.60,70.70,80.80,90.90,ativo,cobranca_confirmada,true,alta,media,ARTESP Pedágio/Volume Pedagiado 2026,KMZ ARTESP l21.kmz - correspondência por praça/pórtico
sp_artesp_161_l21_rod_tiete_rafard_,SP,ARTESP,estadual,ARTESP/SP concessionárias,L21-ROD. DO TIETÊ,,RAFARD,praca_fisica,SP101,"55,800",RAFARD,LESTE,-23.05086052,-47.57540550,7.20,14.40,21.60,28.80,36.00,43.20,50.40,57.60,64.80,ativo,cobranca_confirmada,true,alta,media,ARTESP Pedágio/Volume Pedagiado 2026,KMZ ARTESP l21.kmz - correspondência por praça/pórtico
sp_artesp_162_l21_rod_tiete_rafard_,SP,ARTESP,estadual,ARTESP/SP concessionárias,L21-ROD. DO TIETÊ,,RAFARD,praca_fisica,SP101,"55,800",RAFARD,OESTE,-23.05086052,-47.57540550,7.20,14.40,21.60,28.80,36.00,43.20,50.40,57.60,64.80,ativo,cobranca_confirmada,true,alta,media,ARTESP Pedágio/Volume Pedagiado 2026,KMZ ARTESP l21.kmz - correspondência por praça/pórtico
sp_artesp_163_l21_rod_tiete_rio_pedras_,SP,ARTESP,estadual,ARTESP/SP concessionárias,L21-ROD. DO TIETÊ,,RIO DAS PEDRAS,praca_fisica,SP308,"147,300",RIO DAS PEDRAS,NORTE,-22.84542315,-47.56015260,11.00,22.00,33.00,44.00,55.00,66.00,77.00,88.00,99.00,ativo,cobranca_confirmada,true,alta,media,ARTESP Pedágio/Volume Pedagiado 2026,KMZ ARTESP l21.kmz - correspondência por praça/pórtico
sp_artesp_164_l21_rod_tiete_rio_pedras_,SP,ARTESP,estadual,ARTESP/SP concessionárias,L21-ROD. DO TIETÊ,,RIO DAS PEDRAS,praca_fisica,SP308,"147,300",RIO DAS PEDRAS,SUL,-22.84542315,-47.56015260,11.00,22.00,33.00,44.00,55.00,66.00,77.00,88.00,99.00,ativo,cobranca_confirmada,true,alta,media,ARTESP Pedágio/Volume Pedagiado 2026,KMZ ARTESP l21.kmz - correspondência por praça/pórtico
sp_artesp_165_l22_ecovias_imigrantes_batistini_,SP,ARTESP,estadual,ARTESP/SP concessionárias,L22-ECOVIAS IMIGRANTES,,BATISTINI,praca_fisica,SP160,"24,000",SÃO BERNARDO DO CAMPO,SUL,-23.75245417,-46.59526240,9.10,18.20,27.30,36.40,45.50,54.60,63.70,72.80,81.90,ativo,cobranca_confirmada,true,alta,alta,ARTESP Pedágio/Volume Pedagiado 2026,KMZ ARTESP l22.kmz - correspondência por praça/pórtico
sp_artesp_166_l22_ecovias_imigrantes_diadema_,SP,ARTESP,estadual,ARTESP/SP concessionárias,L22-ECOVIAS IMIGRANTES,,DIADEMA,praca_fisica,SP160,"16,000",DIADEMA,SUL,-23.68168299,-46.61108021,3.10,6.20,9.30,12.40,15.50,18.60,21.70,24.80,27.90,ativo,cobranca_confirmada,true,alta,alta,ARTESP Pedágio/Volume Pedagiado 2026,KMZ ARTESP l22.kmz - correspondência por praça/pórtico
sp_artesp_167_l22_ecovias_imigrantes_eldorado_,SP,ARTESP,estadual,ARTESP/SP concessionárias,L22-ECOVIAS IMIGRANTES,,ELDORADO,praca_fisica,SP160,"20,000",DIADEMA,SUL,-23.71803863,-46.60586747,5.70,11.40,17.10,22.80,28.50,34.20,39.90,45.60,51.30,ativo,cobranca_confirmada,true,alta,alta,ARTESP Pedágio/Volume Pedagiado 2026,KMZ ARTESP l22.kmz - correspondência por praça/pórtico
sp_artesp_168_l22_ecovias_imigrantes_piratininga_,SP,ARTESP,estadual,ARTESP/SP concessionárias,L22-ECOVIAS IMIGRANTES,,PIRATININGA,praca_fisica,SP160,"32,000",SÃO BERNARDO DO CAMPO,SUL,-23.82082559,-46.58260067,38.70,77.40,116.10,154.80,193.50,232.20,270.90,309.60,348.30,ativo,cobranca_confirmada,true,alta,alta,ARTESP Pedágio/Volume Pedagiado 2026,KMZ ARTESP l22.kmz - correspondência por praça/pórtico
sp_artesp_169_l22_ecovias_imigrantes_riacho_grande_,SP,ARTESP,estadual,ARTESP/SP concessionárias,L22-ECOVIAS IMIGRANTES,,RIACHO GRANDE,praca_fisica,SP150,"31,000",SÃO BERNARDO DO CAMPO,SUL,-23.78926720,-46.51950071,38.70,77.40,116.10,154.80,193.50,232.20,270.90,309.60,348.30,ativo,cobranca_confirmada,true,alta,alta,ARTESP Pedágio/Volume Pedagiado 2026,KMZ ARTESP l22.kmz - correspondência por praça/pórtico
sp_artesp_170_l22_ecovias_imigrantes_santos_,SP,ARTESP,estadual,ARTESP/SP concessionárias,L22-ECOVIAS IMIGRANTES,,SANTOS,praca_fisica,SP055,"250,000",SANTOS,OESTE,-23.89491951,-46.30218816,18.30,36.60,54.90,73.20,91.50,109.80,128.10,146.40,164.70,ativo,cobranca_confirmada,true,alta,alta,ARTESP Pedágio/Volume Pedagiado 2026,KMZ ARTESP l22.kmz - correspondência por praça/pórtico
sp_artesp_171_l22_ecovias_imigrantes_sao_vicente_,SP,ARTESP,estadual,ARTESP/SP concessionárias,L22-ECOVIAS IMIGRANTES,,SÃO VICENTE,praca_fisica,SP055,"280,000",SÃO VICENTE,LESTE,-23.93942334,-46.46367008,10.90,21.80,32.70,43.60,54.50,65.40,76.30,87.20,98.10,ativo,cobranca_confirmada,true,alta,alta,ARTESP Pedágio/Volume Pedagiado 2026,KMZ ARTESP l22.kmz - correspondência por praça/pórtico
sp_artesp_172_l23_paulista_cacapava_,SP,ARTESP,estadual,ARTESP/SP concessionárias,L23-LESTE PAULISTA,,CAÇAPAVA,praca_fisica,SP070,"115,000",CAÇAPAVA,LESTE,-23.15581010,-45.69801390,5.50,11.00,16.50,22.00,27.50,33.00,38.50,44.00,49.50,ativo,cobranca_confirmada,true,alta,alta,ARTESP Pedágio/Volume Pedagiado 2026,OpenStreetMap / Overpass Turbo export.geojson + export (2).geojson
sp_artesp_173_l23_paulista_cacapava_,SP,ARTESP,estadual,ARTESP/SP concessionárias,L23-LESTE PAULISTA,,CAÇAPAVA,praca_fisica,SP070,"115,000",CAÇAPAVA,OESTE,-23.15598770,-45.69779970,5.50,11.00,16.50,22.00,27.50,33.00,38.50,44.00,49.50,ativo,cobranca_confirmada,true,alta,alta,ARTESP Pedágio/Volume Pedagiado 2026,OpenStreetMap / Overpass Turbo export.geojson + export (2).geojson
sp_artesp_174_l23_paulista_guararema_,SP,ARTESP,estadual,ARTESP/SP concessionárias,L23-LESTE PAULISTA,,GUARAREMA,praca_fisica,SP070,"57,400",GUARAREMA,LESTE,-23.38407700,-46.15393090,5.40,10.80,16.20,21.60,27.00,32.40,37.80,43.20,48.60,ativo,cobranca_confirmada,true,alta,alta,ARTESP Pedágio/Volume Pedagiado 2026,OpenStreetMap / Overpass Turbo export.geojson + export (2).geojson
sp_artesp_175_l23_paulista_guararema_,SP,ARTESP,estadual,ARTESP/SP concessionárias,L23-LESTE PAULISTA,,GUARAREMA,praca_fisica,SP070,"57,400",GUARAREMA,OESTE,-23.38425670,-46.15383020,5.40,10.80,16.20,21.60,27.00,32.40,37.80,43.20,48.60,ativo,cobranca_confirmada,true,alta,alta,ARTESP Pedágio/Volume Pedagiado 2026,OpenStreetMap / Overpass Turbo export.geojson + export (2).geojson
sp_artesp_176_l23_paulista_itaquaquecetuba_,SP,ARTESP,estadual,ARTESP/SP concessionárias,L23-LESTE PAULISTA,,ITAQUAQUECETUBA,praca_fisica,SP070,"32,800",ITAQUAQUECETUBA,LESTE,-23.46644840,-46.36700110,5.70,11.40,17.10,22.80,28.50,34.20,39.90,45.60,51.30,ativo,cobranca_confirmada,true,alta,alta,ARTESP Pedágio/Volume Pedagiado 2026,OpenStreetMap / Overpass Turbo export.geojson + export (2).geojson
sp_artesp_177_l23_paulista_itaquaquecetuba_,SP,ARTESP,estadual,ARTESP/SP concessionárias,L23-LESTE PAULISTA,,ITAQUAQUECETUBA,praca_fisica,SP070,"32,800",ITAQUAQUECETUBA,OESTE,-23.46636560,-46.36887960,5.70,11.40,17.10,22.80,28.50,34.20,39.90,45.60,51.30,ativo,cobranca_confirmada,true,alta,alta,ARTESP Pedágio/Volume Pedagiado 2026,OpenStreetMap / Overpass Turbo export.geojson + export (2).geojson
sp_artesp_178_l23_paulista_sao_jose_campos_,SP,ARTESP,estadual,ARTESP/SP concessionárias,L23-LESTE PAULISTA,,SÃO JOSÉ DOS CAMPOS,praca_fisica,SP070,"92,000",SÃO JOSÉ DOS CAMPOS,LESTE,-23.28327750,-45.86076630,5.40,10.80,16.20,21.60,27.00,32.40,37.80,43.20,48.60,ativo,cobranca_confirmada,true,alta,alta,ARTESP Pedágio/Volume Pedagiado 2026,OpenStreetMap / Overpass Turbo export.geojson + export (2).geojson
sp_artesp_179_l23_paulista_sao_jose_campos_,SP,ARTESP,estadual,ARTESP/SP concessionárias,L23-LESTE PAULISTA,,SÃO JOSÉ DOS CAMPOS,praca_fisica,SP070,"92,000",SÃO JOSÉ DOS CAMPOS,OESTE,-23.28354900,-45.86052680,5.40,10.80,16.20,21.60,27.00,32.40,37.80,43.20,48.60,ativo,cobranca_confirmada,true,alta,alta,ARTESP Pedágio/Volume Pedagiado 2026,OpenStreetMap / Overpass Turbo export.geojson + export (2).geojson
sp_artesp_180_l24_rodoanel_anhanguera_,SP,ARTESP,estadual,ARTESP/SP concessionárias,L24-RODOANEL,,ANHANGUERA EXTERNA,praca_fisica,SP021,"6,000",SÃO PAULO,EXTERNO,-23.45623990,-46.78530111,3.50,7.00,10.50,14.00,17.50,21.00,24.50,28.00,31.50,ativo,cobranca_confirmada,true,alta,alta,ARTESP Pedágio/Volume Pedagiado 2026,KMZ ARTESP l24.kmz - correspondência por praça/pórtico
sp_artesp_181_l24_rodoanel_anhanguera_,SP,ARTESP,estadual,ARTESP/SP concessionárias,L24-RODOANEL,,ANHANGUERA INTERNA NORTE,praca_fisica,SP021,"7,000",SÃO PAULO,INTERNO,-23.45623990,-46.78530111,3.50,7.00,10.50,14.00,17.50,21.00,24.50,28.00,31.50,ativo,cobranca_confirmada,true,alta,alta,ARTESP Pedágio/Volume Pedagiado 2026,KMZ ARTESP l24.kmz - correspondência por praça/pórtico
sp_artesp_182_l24_rodoanel_anhanguera_,SP,ARTESP,estadual,ARTESP/SP concessionárias,L24-RODOANEL,,ANHANGUERA INTERNA SUL,praca_fisica,SP021,"7,000",SÃO PAULO,INTERNO,-23.45623990,-46.78530111,3.50,7.00,10.50,14.00,17.50,21.00,24.50,28.00,31.50,ativo,cobranca_confirmada,true,alta,alta,ARTESP Pedágio/Volume Pedagiado 2026,KMZ ARTESP l24.kmz - correspondência por praça/pórtico
sp_artesp_183_l24_rodoanel_bandeirantes_,SP,ARTESP,estadual,ARTESP/SP concessionárias,L24-RODOANEL,,BANDEIRANTES EXTERNA,praca_fisica,SP021,"3,050",SÃO PAULO,EXTERNO,-23.43947133,-46.75826038,3.50,7.00,10.50,14.00,17.50,21.00,24.50,28.00,31.50,ativo,cobranca_confirmada,true,alta,alta,ARTESP Pedágio/Volume Pedagiado 2026,KMZ ARTESP l24.kmz - correspondência por praça/pórtico
sp_artesp_184_l24_rodoanel_bandeirantes_,SP,ARTESP,estadual,ARTESP/SP concessionárias,L24-RODOANEL,,BANDEIRANTES INTERNA,praca_fisica,SP021,"3,360",SÃO PAULO,INTERNO,-23.43947133,-46.75826038,3.50,7.00,10.50,14.00,17.50,21.00,24.50,28.00,31.50,ativo,cobranca_confirmada,true,alta,alta,ARTESP Pedágio/Volume Pedagiado 2026,KMZ ARTESP l24.kmz - correspondência por praça/pórtico
sp_artesp_185_l24_rodoanel_castelo_branco_,SP,ARTESP,estadual,ARTESP/SP concessionárias,L24-RODOANEL,,CASTELLO BRANCO EXTERNA,praca_fisica,SP021,"14,290",BARUERI,EXTERNO,-23.51789087,-46.81385366,3.50,7.00,10.50,14.00,17.50,21.00,24.50,28.00,31.50,ativo,cobranca_confirmada,true,alta,alta,ARTESP Pedágio/Volume Pedagiado 2026,KMZ ARTESP l24.kmz - correspondência por praça/pórtico
sp_artesp_186_l24_rodoanel_castelo_branco_,SP,ARTESP,estadual,ARTESP/SP concessionárias,L24-RODOANEL,,CASTELLO BRANCO INTERNA,praca_fisica,SP021,"15,610",BARUERI,INTERNO,-23.51789087,-46.81385366,3.50,7.00,10.50,14.00,17.50,21.00,24.50,28.00,31.50,ativo,cobranca_confirmada,true,alta,alta,ARTESP Pedágio/Volume Pedagiado 2026,KMZ ARTESP l24.kmz - correspondência por praça/pórtico
sp_artesp_187_l24_rodoanel_padroeira_,SP,ARTESP,estadual,ARTESP/SP concessionárias,L24-RODOANEL,,PADROEIRA EXTERNA,praca_fisica,SP021,"19,460",OSASCO,EXTERNO,-23.56448489,-46.81920474,3.50,7.00,10.50,14.00,17.50,21.00,24.50,28.00,31.50,ativo,cobranca_confirmada,true,alta,alta,ARTESP Pedágio/Volume Pedagiado 2026,KMZ ARTESP l24.kmz - correspondência por praça/pórtico
sp_artesp_188_l24_rodoanel_padroeira_,SP,ARTESP,estadual,ARTESP/SP concessionárias,L24-RODOANEL,,PADROEIRA INTERNA,praca_fisica,SP021,"20,870",OSASCO,INTERNO,-23.56448489,-46.81920474,3.50,7.00,10.50,14.00,17.50,21.00,24.50,28.00,31.50,ativo,cobranca_confirmada,true,alta,alta,ARTESP Pedágio/Volume Pedagiado 2026,KMZ ARTESP l24.kmz - correspondência por praça/pórtico
sp_artesp_189_l24_rodoanel_raimundo_magalhaes_,SP,ARTESP,estadual,ARTESP/SP concessionárias,L24-RODOANEL,,RAIMUNDO MAGALHÃES,praca_fisica,SP021,"0,360",RIBEIRÃO PIRES,INTERNO,-23.41676752,-46.73748983,3.50,7.00,10.50,14.00,17.50,21.00,24.50,28.00,31.50,ativo,cobranca_confirmada,true,alta,alta,ARTESP Pedágio/Volume Pedagiado 2026,KMZ ARTESP l24.kmz - correspondência por praça/pórtico
sp_artesp_190_l24_rodoanel_raposo_tavares_,SP,ARTESP,estadual,ARTESP/SP concessionárias,L24-RODOANEL,,RAPOSO TAVARES EXTERNA,praca_fisica,SP021,"24,000",OSASCO,EXTERNO,-23.59500639,-46.81060159,3.50,7.00,10.50,14.00,17.50,21.00,24.50,28.00,31.50,ativo,cobranca_confirmada,true,alta,alta,ARTESP Pedágio/Volume Pedagiado 2026,KMZ ARTESP l24.kmz - correspondência por praça/pórtico
sp_artesp_191_l24_rodoanel_raposo_tavares_,SP,ARTESP,estadual,ARTESP/SP concessionárias,L24-RODOANEL,,RAPOSO TAVARES INTERNA,praca_fisica,SP021,"24,000",OSASCO,INTERNO,-23.59500639,-46.81060159,3.50,7.00,10.50,14.00,17.50,21.00,24.50,28.00,31.50,ativo,cobranca_confirmada,true,alta,alta,ARTESP Pedágio/Volume Pedagiado 2026,KMZ ARTESP l24.kmz - correspondência por praça/pórtico
sp_artesp_192_l24_rodoanel_regis_bittencourt_,SP,ARTESP,estadual,ARTESP/SP concessionárias,L24-RODOANEL,,REGIS BITTENCOURT,praca_fisica,SP021,"25,360",OSASCO,EXTERNO,-23.60004607,-46.81282643,3.50,7.00,10.50,14.00,17.50,21.00,24.50,28.00,31.50,ativo,cobranca_confirmada,true,alta,alta,ARTESP Pedágio/Volume Pedagiado 2026,KMZ ARTESP l24.kmz - correspondência por praça/pórtico
sp_artesp_193_l25_spmar_anchieta_,SP,ARTESP,estadual,ARTESP/SP concessionárias,L25-SPMAR,,ANCHIETA,praca_fisica,SP021,"75,500",SÃO BERNARDO DO CAMPO,INTERNO,-23.75660512,-46.54219678,5.40,10.80,16.20,21.60,27.00,32.40,37.80,43.20,48.60,ativo,cobranca_confirmada,true,alta,media,ARTESP Pedágio/Volume Pedagiado 2026,KMZ ARTESP l25.kmz - correspondência por praça/pórtico
sp_artesp_194_l25_spmar_ayrton_senna_,SP,ARTESP,estadual,ARTESP/SP concessionárias,L25-SPMAR,,AYRTON SENNA,praca_fisica,SP021,"124,000",ITAQUAQUECETUBA,EXTERNO,-23.45842463,-46.34429060,4.10,8.20,12.30,16.40,20.50,24.60,28.70,32.80,36.90,ativo,cobranca_confirmada,true,alta,media,ARTESP Pedágio/Volume Pedagiado 2026,KMZ ARTESP l25.kmz - correspondência por praça/pórtico
sp_artesp_195_l25_spmar_dutra_,SP,ARTESP,estadual,ARTESP/SP concessionárias,L25-SPMAR,,DUTRA,praca_fisica,SP021,"127,000",ARUJÁ,EXTERNO,-23.42538232,-46.35855842,4.10,8.20,12.30,16.40,20.50,24.60,28.70,32.80,36.90,ativo,cobranca_confirmada,true,alta,media,ARTESP Pedágio/Volume Pedagiado 2026,KMZ ARTESP l25.kmz - correspondência por praça/pórtico
sp_artesp_196_l25_spmar_imigrantes_,SP,ARTESP,estadual,ARTESP/SP concessionárias,L25-SPMAR,,IMIGRANTES,praca_fisica,SP021,"71,400",SÃO BERNARDO DO CAMPO,INTERNO,-23.76385416,-46.58171450,5.40,10.80,16.20,21.60,27.00,32.40,37.80,43.20,48.60,ativo,cobranca_confirmada,true,alta,media,ARTESP Pedágio/Volume Pedagiado 2026,KMZ ARTESP l25.kmz - correspondência por praça/pórtico
sp_artesp_197_l25_spmar_imigrantes_,SP,ARTESP,estadual,ARTESP/SP concessionárias,L25-SPMAR,,IMIGRANTES - CAPITAL,praca_fisica,SP021,"70,200",SÃO BERNARDO DO CAMPO,EXTERNO,-23.76385416,-46.58171450,5.40,10.80,16.20,21.60,27.00,32.40,37.80,43.20,48.60,ativo,cobranca_confirmada,true,alta,media,ARTESP Pedágio/Volume Pedagiado 2026,KMZ ARTESP l25.kmz - correspondência por praça/pórtico
sp_artesp_198_l25_spmar_imigrantes_,SP,ARTESP,estadual,ARTESP/SP concessionárias,L25-SPMAR,,IMIGRANTES - LITORAL,praca_fisica,SP021,"70,200",SÃO BERNARDO DO CAMPO,EXTERNO,-23.76385416,-46.58171450,5.40,10.80,16.20,21.60,27.00,32.40,37.80,43.20,48.60,ativo,cobranca_confirmada,true,alta,media,ARTESP Pedágio/Volume Pedagiado 2026,KMZ ARTESP l25.kmz - correspondência por praça/pórtico
sp_artesp_199_l25_spmar_p6e_,SP,ARTESP,estadual,ARTESP/SP concessionárias,L25-SPMAR,,P6E,praca_fisica,SP021,86,Ribeirão Pires,EXTERNO,-23.71625563,-46.46432627,5.40,10.80,16.20,21.60,27.00,32.40,37.80,43.20,48.60,ativo,cobranca_confirmada,true,alta,media,ARTESP Pedágio/Volume Pedagiado 2026,KMZ ARTESP l25.kmz - correspondência por praça/pórtico
sp_artesp_200_l25_spmar_p6i_,SP,ARTESP,estadual,ARTESP/SP concessionárias,L25-SPMAR,,P6I,praca_fisica,SP021,086,Ribeirão Pires,INTERNO,-23.71567587,-46.46451596,5.40,10.80,16.20,21.60,27.00,32.40,37.80,43.20,48.60,ativo,cobranca_confirmada,true,alta,media,ARTESP Pedágio/Volume Pedagiado 2026,KMZ ARTESP l25.kmz - correspondência por praça/pórtico
sp_artesp_201_l25_spmar_parelheiros_,SP,ARTESP,estadual,ARTESP/SP concessionárias,L25-SPMAR,,PARELHEIROS,praca_fisica,SP021,"50,000",SÃO PAULO,INTERNO,-23.78117847,-46.76300212,5.40,10.80,16.20,21.60,27.00,32.40,37.80,43.20,48.60,ativo,cobranca_confirmada,true,alta,media,ARTESP Pedágio/Volume Pedagiado 2026,KMZ ARTESP l25.kmz - correspondência por praça/pórtico
sp_artesp_202_l25_spmar_ribeirao_pires_a_,SP,ARTESP,estadual,ARTESP/SP concessionárias,L25-SPMAR,,RIBEIRÃO PÍRES - A,praca_fisica,SP021,087,Ribeirão Pires,INTERNO,-23.71451132,-46.45969700,4.10,8.20,12.30,16.40,20.50,24.60,28.70,32.80,36.90,ativo,cobranca_confirmada,true,alta,media,ARTESP Pedágio/Volume Pedagiado 2026,KMZ ARTESP l25.kmz - correspondência por praça/pórtico
sp_artesp_203_l25_spmar_ribeirao_pires_b_,SP,ARTESP,estadual,ARTESP/SP concessionárias,L25-SPMAR,,RIBEIRÃO PÍRES - B,praca_fisica,SP021,087,Ribeirão Pires,EXTERNO,-23.71708605,-46.46341357,4.10,8.20,12.30,16.40,20.50,24.60,28.70,32.80,36.90,ativo,cobranca_confirmada,true,alta,media,ARTESP Pedágio/Volume Pedagiado 2026,KMZ ARTESP l25.kmz - correspondência por praça/pórtico
sp_artesp_204_l26_spserra_guarulhos_,SP,ARTESP,estadual,ARTESP/SP concessionárias,L26-SPSERRA,,PÓRTICO 01 - GUARULHOS,portico_free_flow,SP021,135+120,Guarulhos,EXTERNO,-23.39111890,-46.40783980,2.82,5.64,5.64,11.28,11.28,11.28,11.28,11.28,11.28,ativo,cobranca_confirmada,true,alta,baixa,ARTESP Pedágio/Volume Pedagiado 2026,OpenStreetMap / Overpass Turbo export.geojson + export (2).geojson
sp_artesp_205_l26_spserra_guarulhos_,SP,ARTESP,estadual,ARTESP/SP concessionárias,L26-SPSERRA,,PÓRTICO 01 - GUARULHOS,portico_free_flow,SP021,135+140,Guarulhos,INTERNO,-23.39135880,-46.40783660,2.82,5.64,5.64,11.28,11.28,11.28,11.28,11.28,11.28,ativo,cobranca_confirmada,true,alta,baixa,ARTESP Pedágio/Volume Pedagiado 2026,OpenStreetMap / Overpass Turbo export.geojson + export (2).geojson
sp_artesp_206_l27_tamoios_jambeiro_,SP,ARTESP,estadual,ARTESP/SP concessionárias,L27-TAMOIOS,,P1 - JAMBEIRO,praca_fisica,SP099,"16,000",JAMBEIRO,NORTE,-23.29585756,-45.77918816,5.80,11.60,17.40,23.20,29.00,34.80,40.60,46.40,52.20,ativo,cobranca_confirmada,true,alta,alta,ARTESP Pedágio/Volume Pedagiado 2026,KMZ ARTESP l27.kmz - correspondência por praça/pórtico
sp_artesp_207_l27_tamoios_jambeiro_,SP,ARTESP,estadual,ARTESP/SP concessionárias,L27-TAMOIOS,,P1 - JAMBEIRO,praca_fisica,SP099,"16,100",JAMBEIRO,SUL,-23.29585756,-45.77918816,5.80,11.60,17.40,23.20,29.00,34.80,40.60,46.40,52.20,ativo,cobranca_confirmada,true,alta,alta,ARTESP Pedágio/Volume Pedagiado 2026,KMZ ARTESP l27.kmz - correspondência por praça/pórtico
sp_artesp_208_l27_tamoios_paraibuna_,SP,ARTESP,estadual,ARTESP/SP concessionárias,L27-TAMOIOS,,P2 - PARAIBUNA,praca_fisica,SP099,"59,300",PARAIBUNA,NORTE,-23.55039923,-45.52495394,12.30,24.60,36.90,49.20,61.50,73.80,86.10,98.40,110.70,ativo,cobranca_confirmada,true,alta,alta,ARTESP Pedágio/Volume Pedagiado 2026,KMZ ARTESP l27.kmz - correspondência por praça/pórtico
sp_artesp_209_l27_tamoios_paraibuna_,SP,ARTESP,estadual,ARTESP/SP concessionárias,L27-TAMOIOS,,P2 - PARAIBUNA,praca_fisica,SP099,"59,300",PARAIBUNA,SUL,-23.55039923,-45.52495394,12.30,24.60,36.90,49.20,61.50,73.80,86.10,98.40,110.70,ativo,cobranca_confirmada,true,alta,alta,ARTESP Pedágio/Volume Pedagiado 2026,KMZ ARTESP l27.kmz - correspondência por praça/pórtico
sp_artesp_210_l27_tamoios_caraguatatuba_,SP,ARTESP,estadual,ARTESP/SP concessionárias,L27-TAMOIOS,,PÓRTICO - CARAGUATATUBA,portico_free_flow,SPI097,13,Caraguatatuba,LESTE,-23.67009278,-45.46725759,5.50,11.00,16.50,22.00,27.50,33.00,38.50,44.00,49.50,ativo,cobranca_confirmada,true,alta,alta,ARTESP Pedágio/Volume Pedagiado 2026,KMZ ARTESP l27.kmz - correspondência por praça/pórtico
sp_artesp_211_l27_tamoios_caraguatatuba_,SP,ARTESP,estadual,ARTESP/SP concessionárias,L27-TAMOIOS,,PÓRTICO - CARAGUATATUBA,portico_free_flow,SPI097,13,Caraguatatuba,OESTE,-23.67009278,-45.46725759,5.50,11.00,16.50,22.00,27.50,33.00,38.50,44.00,49.50,ativo,cobranca_confirmada,true,alta,alta,ARTESP Pedágio/Volume Pedagiado 2026,KMZ ARTESP l27.kmz - correspondência por praça/pórtico
sp_artesp_212_l28_entrevias_ituverava_,SP,ARTESP,estadual,ARTESP/SP concessionárias,L28-ENTREVIAS,,P1 - ITUVERAVA,praca_fisica,SP330,"405,000",ITUVERAVA,NORTE,-20.38004959,-47.81294426,1.00,2.00,3.00,4.00,5.00,6.00,7.00,8.00,9.00,ativo,cobranca_confirmada,true,alta,baixa,ARTESP Pedágio/Volume Pedagiado 2026,KMZ ARTESP l28.kmz - correspondência por praça/pórtico
sp_artesp_213_l28_entrevias_ituverava_,SP,ARTESP,estadual,ARTESP/SP concessionárias,L28-ENTREVIAS,,P1 - ITUVERAVA,praca_fisica,SP330,"405,000",ITUVERAVA,SUL,-20.38004959,-47.81294426,1.00,2.00,3.00,4.00,5.00,6.00,7.00,8.00,9.00,ativo,cobranca_confirmada,true,alta,baixa,ARTESP Pedágio/Volume Pedagiado 2026,KMZ ARTESP l28.kmz - correspondência por praça/pórtico
sp_artesp_214_l28_entrevias_sales_oliveira_,SP,ARTESP,estadual,ARTESP/SP concessionárias,L28-ENTREVIAS,,P2 - SALES DE OLIVEIRA,praca_fisica,SP330,"350,000",SALES OLIVEIRA,NORTE,-20.85118486,-47.89621489,1.00,2.00,3.00,4.00,5.00,6.00,7.00,8.00,9.00,ativo,cobranca_confirmada,true,alta,baixa,ARTESP Pedágio/Volume Pedagiado 2026,KMZ ARTESP l28.kmz - correspondência por praça/pórtico
sp_artesp_215_l28_entrevias_sales_oliveira_,SP,ARTESP,estadual,ARTESP/SP concessionárias,L28-ENTREVIAS,,P2 - SALES DE OLIVEIRA,praca_fisica,SP330,"350,000",SALES OLIVEIRA,SUL,-20.85118486,-47.89621489,1.00,2.00,3.00,4.00,5.00,6.00,7.00,8.00,9.00,ativo,cobranca_confirmada,true,alta,baixa,ARTESP Pedágio/Volume Pedagiado 2026,KMZ ARTESP l28.kmz - correspondência por praça/pórtico
sp_artesp_216_l28_entrevias_sertaozinho_,SP,ARTESP,estadual,ARTESP/SP concessionárias,L28-ENTREVIAS,,P3 - SERTÃOZINHO,praca_fisica,SP322,"327,500",SERTÃOZINHO,LESTE,-21.16766815,-47.91427758,1.00,2.00,3.00,4.00,5.00,6.00,7.00,8.00,9.00,ativo,cobranca_confirmada,true,alta,baixa,ARTESP Pedágio/Volume Pedagiado 2026,KMZ ARTESP l28.kmz - correspondência por praça/pórtico
sp_artesp_217_l28_entrevias_sertaozinho_,SP,ARTESP,estadual,ARTESP/SP concessionárias,L28-ENTREVIAS,,P3 - SERTÃOZINHO,praca_fisica,SP322,"327,500",SERTÃOZINHO,OESTE,-21.16766815,-47.91427758,1.00,2.00,3.00,4.00,5.00,6.00,7.00,8.00,9.00,ativo,cobranca_confirmada,true,alta,baixa,ARTESP Pedágio/Volume Pedagiado 2026,KMZ ARTESP l28.kmz - correspondência por praça/pórtico
sp_artesp_218_l28_entrevias_pitangueiras_,SP,ARTESP,estadual,ARTESP/SP concessionárias,L28-ENTREVIAS,,P4 - PITANGUEIRAS,praca_fisica,SP322,"361,000",PITANGUEIRAS,LESTE,-21.00902838,-48.17655980,1.00,2.00,3.00,4.00,5.00,6.00,7.00,8.00,9.00,ativo,cobranca_confirmada,true,alta,baixa,ARTESP Pedágio/Volume Pedagiado 2026,KMZ ARTESP l28.kmz - correspondência por praça/pórtico
sp_artesp_219_l28_entrevias_pitangueiras_,SP,ARTESP,estadual,ARTESP/SP concessionárias,L28-ENTREVIAS,,P4 - PITANGUEIRAS,praca_fisica,SP322,"361,000",PITANGUEIRAS,OESTE,-21.00902838,-48.17655980,1.00,2.00,3.00,4.00,5.00,6.00,7.00,8.00,9.00,ativo,cobranca_confirmada,true,alta,baixa,ARTESP Pedágio/Volume Pedagiado 2026,KMZ ARTESP l28.kmz - correspondência por praça/pórtico
sp_artesp_220_l28_entrevias_pongai_,SP,ARTESP,estadual,ARTESP/SP concessionárias,L28-ENTREVIAS,,P5 - PONGAÍ,praca_fisica,SP333,"234,276",PONGAÍ,LESTE,-21.66175535,-49.30465150,1.00,2.00,3.00,4.00,5.00,6.00,7.00,8.00,9.00,ativo,cobranca_confirmada,true,alta,baixa,ARTESP Pedágio/Volume Pedagiado 2026,KMZ ARTESP l28.kmz - correspondência por praça/pórtico
sp_artesp_221_l28_entrevias_pongai_,SP,ARTESP,estadual,ARTESP/SP concessionárias,L28-ENTREVIAS,,P5 - PONGAÍ,praca_fisica,SP333,"234,276",PONGAÍ,OESTE,-21.66175535,-49.30465150,1.00,2.00,3.00,4.00,5.00,6.00,7.00,8.00,9.00,ativo,cobranca_confirmada,true,alta,baixa,ARTESP Pedágio/Volume Pedagiado 2026,KMZ ARTESP l28.kmz - correspondência por praça/pórtico
sp_artesp_222_l28_entrevias_marilia_,SP,ARTESP,estadual,ARTESP/SP concessionárias,L28-ENTREVIAS,,P6 - MARÍLIA,praca_fisica,SP333,"315,130",MARÍLIA,LESTE,-22.09056673,-49.90966112,1.00,2.00,3.00,4.00,5.00,6.00,7.00,8.00,9.00,ativo,cobranca_confirmada,true,alta,baixa,ARTESP Pedágio/Volume Pedagiado 2026,KMZ ARTESP l28.kmz - correspondência por praça/pórtico
sp_artesp_223_l28_entrevias_marilia_,SP,ARTESP,estadual,ARTESP/SP concessionárias,L28-ENTREVIAS,,P6 - MARÍLIA,praca_fisica,SP333,"315,130",MARÍLIA,OESTE,-22.09056673,-49.90966112,1.00,2.00,3.00,4.00,5.00,6.00,7.00,8.00,9.00,ativo,cobranca_confirmada,true,alta,baixa,ARTESP Pedágio/Volume Pedagiado 2026,KMZ ARTESP l28.kmz - correspondência por praça/pórtico
sp_artesp_224_l28_entrevias_echapora_,SP,ARTESP,estadual,ARTESP/SP concessionárias,L28-ENTREVIAS,,P7 - ECHAPORÃ,praca_fisica,SP333,"354,374",MARÍLIA,LESTE,-22.33134056,-50.11983854,1.00,2.00,3.00,4.00,5.00,6.00,7.00,8.00,9.00,ativo,cobranca_confirmada,true,alta,baixa,ARTESP Pedágio/Volume Pedagiado 2026,KMZ ARTESP l28.kmz - correspondência por praça/pórtico
sp_artesp_225_l28_entrevias_echapora_,SP,ARTESP,estadual,ARTESP/SP concessionárias,L28-ENTREVIAS,,P7 - ECHAPORÃ,praca_fisica,SP333,"354,374",MARÍLIA,OESTE,-22.33134056,-50.11983854,1.00,2.00,3.00,4.00,5.00,6.00,7.00,8.00,9.00,ativo,cobranca_confirmada,true,alta,baixa,ARTESP Pedágio/Volume Pedagiado 2026,KMZ ARTESP l28.kmz - correspondência por praça/pórtico
sp_artesp_226_l28_entrevias_florinea_,SP,ARTESP,estadual,ARTESP/SP concessionárias,L28-ENTREVIAS,,P8 - FLORÍNEA,praca_fisica,SP333,"449,760",FLORÍNIA,LESTE,-22.90216147,-50.77993361,1.00,2.00,3.00,4.00,5.00,6.00,7.00,8.00,9.00,ativo,cobranca_confirmada,true,alta,baixa,ARTESP Pedágio/Volume Pedagiado 2026,KMZ ARTESP l28.kmz - correspondência por praça/pórtico
sp_artesp_227_l28_entrevias_florinea_,SP,ARTESP,estadual,ARTESP/SP concessionárias,L28-ENTREVIAS,,P8 - FLORÍNEA,praca_fisica,SP333,"449,760",FLORÍNIA,OESTE,-22.90216147,-50.77993361,1.00,2.00,3.00,4.00,5.00,6.00,7.00,8.00,9.00,ativo,cobranca_confirmada,true,alta,baixa,ARTESP Pedágio/Volume Pedagiado 2026,KMZ ARTESP l28.kmz - correspondência por praça/pórtico
sp_artesp_228_l29_viapaulista_batatais_,SP,ARTESP,estadual,ARTESP/SP concessionárias,L29-VIAPAULISTA,,BATATAIS,praca_fisica,SP334,"344,000",BATATAIS,NORTE,-20.94303200,-47.63354600,11.71,23.42,35.12,46.83,58.54,70.25,81.96,93.67,105.37,ativo,cobranca_confirmada,true,alta,media,ARTESP Pedágio/Volume Pedagiado 2026,KMZ ARTESP l29.kmz - correspondência por praça/pórtico
sp_artesp_229_l29_viapaulista_batatais_,SP,ARTESP,estadual,ARTESP/SP concessionárias,L29-VIAPAULISTA,,BATATAIS,praca_fisica,SP334,"344,000",BATATAIS,SUL,-20.94303200,-47.63354600,11.71,23.42,35.12,46.83,58.54,70.25,81.96,93.67,105.37,ativo,cobranca_confirmada,true,alta,media,ARTESP Pedágio/Volume Pedagiado 2026,KMZ ARTESP l29.kmz - correspondência por praça/pórtico
sp_artesp_230_l29_viapaulista_boa_esperanca_,SP,ARTESP,estadual,ARTESP/SP concessionárias,L29-VIAPAULISTA,,BOA ESPERANÇA DO SUL,praca_fisica,SP255,"117,220",BOA ESPERANÇA DO SUL,NORTE,-22.02743400,-48.40323700,11.99,23.98,35.97,47.96,59.95,71.94,83.93,95.92,107.91,ativo,cobranca_confirmada,true,alta,media,ARTESP Pedágio/Volume Pedagiado 2026,KMZ ARTESP l29.kmz - correspondência por praça/pórtico
sp_artesp_231_l29_viapaulista_boa_esperanca_,SP,ARTESP,estadual,ARTESP/SP concessionárias,L29-VIAPAULISTA,,BOA ESPERANÇA DO SUL,praca_fisica,SP255,"117,220",BOA ESPERANÇA DO SUL,SUL,-22.02743400,-48.40323700,11.99,23.98,35.97,47.96,59.95,71.94,83.93,95.92,107.91,ativo,cobranca_confirmada,true,alta,media,ARTESP Pedágio/Volume Pedagiado 2026,KMZ ARTESP l29.kmz - correspondência por praça/pórtico
sp_artesp_232_l29_viapaulista_botucatu_,SP,ARTESP,estadual,ARTESP/SP concessionárias,L29-VIAPAULISTA,,BOTUCATU,praca_fisica,SP255,"229,117",BOTUCATU,NORTE,-22.89762200,-48.76444200,7.65,15.30,22.94,30.59,38.24,45.89,53.54,61.19,68.83,ativo,cobranca_confirmada,true,alta,media,ARTESP Pedágio/Volume Pedagiado 2026,KMZ ARTESP l29.kmz - correspondência por praça/pórtico
sp_artesp_233_l29_viapaulista_botucatu_,SP,ARTESP,estadual,ARTESP/SP concessionárias,L29-VIAPAULISTA,,BOTUCATU,praca_fisica,SP255,"229,040",BOTUCATU,SUL,-22.89762200,-48.76444200,7.65,15.30,22.94,30.59,38.24,45.89,53.54,61.19,68.83,ativo,cobranca_confirmada,true,alta,media,ARTESP Pedágio/Volume Pedagiado 2026,KMZ ARTESP l29.kmz - correspondência por praça/pórtico
sp_artesp_234_l29_viapaulista_coronel_macedo_,SP,ARTESP,estadual,ARTESP/SP concessionárias,L29-VIAPAULISTA,,CORONEL MACEDO,praca_fisica,SP255,"331,500",CORONEL MACEDO,NORTE,-23.62204997,-49.27662971,8.30,16.61,24.91,33.21,41.52,49.82,58.12,66.43,74.73,ativo,cobranca_confirmada,true,alta,media,ARTESP Pedágio/Volume Pedagiado 2026,KMZ ARTESP l29.kmz - correspondência por praça/pórtico
sp_artesp_235_l29_viapaulista_coronel_macedo_,SP,ARTESP,estadual,ARTESP/SP concessionárias,L29-VIAPAULISTA,,CORONEL MACEDO,praca_fisica,SP255,"331,500",CORONEL MACEDO,SUL,-23.62204997,-49.27662971,8.30,16.61,24.91,33.21,41.52,49.82,58.12,66.43,74.73,ativo,cobranca_confirmada,true,alta,media,ARTESP Pedágio/Volume Pedagiado 2026,KMZ ARTESP l29.kmz - correspondência por praça/pórtico
sp_artesp_236_l29_viapaulista_guatapara_,SP,ARTESP,estadual,ARTESP/SP concessionárias,L29-VIAPAULISTA,,GUATAPARÁ,praca_fisica,SP255,"45,500",GUATAPARÁ,NORTE,-21.57161900,-47.94869400,18.32,36.64,54.96,73.29,91.61,109.93,128.25,146.57,164.89,ativo,cobranca_confirmada,true,alta,media,ARTESP Pedágio/Volume Pedagiado 2026,KMZ ARTESP l29.kmz - correspondência por praça/pórtico
sp_artesp_237_l29_viapaulista_guatapara_,SP,ARTESP,estadual,ARTESP/SP concessionárias,L29-VIAPAULISTA,,GUATAPARÁ,praca_fisica,SP255,"45,500",GUATAPARÁ,SUL,-21.57161900,-47.94869400,18.32,36.64,54.96,73.29,91.61,109.93,128.25,146.57,164.89,ativo,cobranca_confirmada,true,alta,media,ARTESP Pedágio/Volume Pedagiado 2026,KMZ ARTESP l29.kmz - correspondência por praça/pórtico
sp_artesp_238_l29_viapaulista_itai_,SP,ARTESP,estadual,ARTESP/SP concessionárias,L29-VIAPAULISTA,,ITAÍ,praca_fisica,SP255,"306,000",ITAÍ,NORTE,-23.46733300,-49.13478200,8.30,16.61,24.91,33.21,41.52,49.82,58.12,66.43,74.73,ativo,cobranca_confirmada,true,alta,media,ARTESP Pedágio/Volume Pedagiado 2026,KMZ ARTESP l29.kmz - correspondência por praça/pórtico
sp_artesp_239_l29_viapaulista_itai_,SP,ARTESP,estadual,ARTESP/SP concessionárias,L29-VIAPAULISTA,,ITAÍ,praca_fisica,SP255,"306,000",ITAÍ,SUL,-23.46733300,-49.13478200,8.30,16.61,24.91,33.21,41.52,49.82,58.12,66.43,74.73,ativo,cobranca_confirmada,true,alta,media,ARTESP Pedágio/Volume Pedagiado 2026,KMZ ARTESP l29.kmz - correspondência por praça/pórtico
sp_artesp_240_l29_viapaulista_jau_,SP,ARTESP,estadual,ARTESP/SP concessionárias,L29-VIAPAULISTA,,JAÚ,praca_fisica,SP255,"165,600",JAÚ,NORTE,-22.40839500,-48.56423600,7.01,14.02,21.03,28.05,35.06,42.07,49.08,56.09,63.10,ativo,cobranca_confirmada,true,alta,media,ARTESP Pedágio/Volume Pedagiado 2026,KMZ ARTESP l29.kmz - correspondência por praça/pórtico
sp_artesp_241_l29_viapaulista_jau_,SP,ARTESP,estadual,ARTESP/SP concessionárias,L29-VIAPAULISTA,,JAÚ,praca_fisica,SP255,"165,600",JAÚ,SUL,-22.40839500,-48.56423600,7.01,14.02,21.03,28.05,35.06,42.07,49.08,56.09,63.10,ativo,cobranca_confirmada,true,alta,media,ARTESP Pedágio/Volume Pedagiado 2026,KMZ ARTESP l29.kmz - correspondência por praça/pórtico
sp_artesp_242_l29_viapaulista_restinga_,SP,ARTESP,estadual,ARTESP/SP concessionárias,L29-VIAPAULISTA,,RESTINGA,praca_fisica,SP334,"374,500",RESTINGA,NORTE,-20.71407600,-47.50617000,11.71,23.42,35.12,46.83,58.54,70.25,81.96,93.67,105.37,ativo,cobranca_confirmada,true,alta,media,ARTESP Pedágio/Volume Pedagiado 2026,KMZ ARTESP l29.kmz - correspondência por praça/pórtico
sp_artesp_243_l29_viapaulista_restinga_,SP,ARTESP,estadual,ARTESP/SP concessionárias,L29-VIAPAULISTA,,RESTINGA,praca_fisica,SP334,"374,500",RESTINGA,SUL,-20.71407600,-47.50617000,11.71,23.42,35.12,46.83,58.54,70.25,81.96,93.67,105.37,ativo,cobranca_confirmada,true,alta,media,ARTESP Pedágio/Volume Pedagiado 2026,KMZ ARTESP l29.kmz - correspondência por praça/pórtico
sp_artesp_244_l29_viapaulista_santa_rita_passa_quatro_,SP,ARTESP,estadual,ARTESP/SP concessionárias,L29-VIAPAULISTA,,SANTA RITA DO PASSA QUATRO,praca_fisica,SP330,"253,000",SANTA RITA DO PASSA QUATRO,NORTE,-21.65845400,-47.60882000,10.55,21.10,31.65,42.20,52.75,63.30,73.85,84.39,94.94,ativo,cobranca_confirmada,true,alta,media,ARTESP Pedágio/Volume Pedagiado 2026,KMZ ARTESP l29.kmz - correspondência por praça/pórtico
sp_artesp_245_l29_viapaulista_santa_rita_passa_quatro_,SP,ARTESP,estadual,ARTESP/SP concessionárias,L29-VIAPAULISTA,,SANTA RITA DO PASSA QUATRO,praca_fisica,SP330,"253,000",SANTA RITA DO PASSA QUATRO,SUL,-21.65845400,-47.60882000,10.55,21.10,31.65,42.20,52.75,63.30,73.85,84.39,94.94,ativo,cobranca_confirmada,true,alta,media,ARTESP Pedágio/Volume Pedagiado 2026,KMZ ARTESP l29.kmz - correspondência por praça/pórtico
sp_artesp_246_l29_viapaulista_sao_carlos_,SP,ARTESP,estadual,ARTESP/SP concessionárias,L29-VIAPAULISTA,,SÃO CARLOS,praca_fisica,SP318,"254,260",SÃO CARLOS,NORTE,-21.82160800,-47.90762800,8.59,17.18,25.77,34.35,42.94,51.53,60.12,68.71,77.30,ativo,cobranca_confirmada,true,alta,media,ARTESP Pedágio/Volume Pedagiado 2026,KMZ ARTESP l29.kmz - correspondência por praça/pórtico
sp_artesp_247_l29_viapaulista_sao_carlos_,SP,ARTESP,estadual,ARTESP/SP concessionárias,L29-VIAPAULISTA,,SÃO CARLOS,praca_fisica,SP318,"254,260",SÃO CARLOS,SUL,-21.82160800,-47.90762800,8.59,17.18,25.77,34.35,42.94,51.53,60.12,68.71,77.30,ativo,cobranca_confirmada,true,alta,media,ARTESP Pedágio/Volume Pedagiado 2026,KMZ ARTESP l29.kmz - correspondência por praça/pórtico
sp_artesp_248_l29_viapaulista_sao_simao_,SP,ARTESP,estadual,ARTESP/SP concessionárias,L29-VIAPAULISTA,,SÃO SIMÃO,praca_fisica,SP330,"281,000",SÃO SIMÃO,NORTE,-21.41435474,-47.66415120,10.55,21.10,31.65,42.20,52.75,63.30,73.85,84.39,94.94,ativo,cobranca_confirmada,true,alta,media,ARTESP Pedágio/Volume Pedagiado 2026,KMZ ARTESP l29.kmz - correspondência por praça/pórtico
sp_artesp_249_l29_viapaulista_sao_simao_,SP,ARTESP,estadual,ARTESP/SP concessionárias,L29-VIAPAULISTA,,SÃO SIMÃO,praca_fisica,SP330,"281,000",SÃO SIMÃO,SUL,-21.41435474,-47.66415120,10.55,21.10,31.65,42.20,52.75,63.30,73.85,84.39,94.94,ativo,cobranca_confirmada,true,alta,media,ARTESP Pedágio/Volume Pedagiado 2026,KMZ ARTESP l29.kmz - correspondência por praça/pórtico
sp_artesp_250_l30_eixo_rio_claro_,SP,ARTESP,estadual,ARTESP/SP concessionárias,L30-EIXO,,P01 - RIO CLARO,praca_fisica,SP310,"181,650",RIO CLARO,NORTE,-22.37235680,-47.62190085,1.00,2.00,3.00,4.00,5.00,6.00,7.00,8.00,9.00,ativo,cobranca_confirmada,true,alta,baixa,ARTESP Pedágio/Volume Pedagiado 2026,KMZ ARTESP l30.kmz - correspondência por praça/pórtico
sp_artesp_251_l30_eixo_rio_claro_,SP,ARTESP,estadual,ARTESP/SP concessionárias,L30-EIXO,,P01 - RIO CLARO,praca_fisica,SP310,"181,350",RIO CLARO,SUL,-22.37235680,-47.62190085,1.00,2.00,3.00,4.00,5.00,6.00,7.00,8.00,9.00,ativo,cobranca_confirmada,true,alta,baixa,ARTESP Pedágio/Volume Pedagiado 2026,KMZ ARTESP l30.kmz - correspondência por praça/pórtico
sp_artesp_252_l30_eixo_itirapina_,SP,ARTESP,estadual,ARTESP/SP concessionárias,L30-EIXO,,P02 - ITIRAPINA,praca_fisica,SP310,"217,000",SÃO CARLOS,NORTE,-22.12902509,-47.80820511,1.00,2.00,3.00,4.00,5.00,6.00,7.00,8.00,9.00,ativo,cobranca_confirmada,true,alta,baixa,ARTESP Pedágio/Volume Pedagiado 2026,KMZ ARTESP l30.kmz - correspondência por praça/pórtico
sp_artesp_253_l30_eixo_itirapina_,SP,ARTESP,estadual,ARTESP/SP concessionárias,L30-EIXO,,P02 - ITIRAPINA,praca_fisica,SP310,"217,000",SÃO CARLOS,SUL,-22.12902509,-47.80820511,1.00,2.00,3.00,4.00,5.00,6.00,7.00,8.00,9.00,ativo,cobranca_confirmada,true,alta,baixa,ARTESP Pedágio/Volume Pedagiado 2026,KMZ ARTESP l30.kmz - correspondência por praça/pórtico
sp_artesp_254_l30_eixo_brotas_,SP,ARTESP,estadual,ARTESP/SP concessionárias,L30-EIXO,,P03 - BROTAS,praca_fisica,SP225,"106,900",ITIRAPINA,LESTE,-22.26384870,-47.90245183,1.00,2.00,3.00,4.00,5.00,6.00,7.00,8.00,9.00,ativo,cobranca_confirmada,true,alta,baixa,ARTESP Pedágio/Volume Pedagiado 2026,KMZ ARTESP l30.kmz - correspondência por praça/pórtico
sp_artesp_255_l30_eixo_brotas_,SP,ARTESP,estadual,ARTESP/SP concessionárias,L30-EIXO,,P03 - BROTAS,praca_fisica,SP225,"106,900",ITIRAPINA,OESTE,-22.26384870,-47.90245183,1.00,2.00,3.00,4.00,5.00,6.00,7.00,8.00,9.00,ativo,cobranca_confirmada,true,alta,baixa,ARTESP Pedágio/Volume Pedagiado 2026,KMZ ARTESP l30.kmz - correspondência por praça/pórtico
sp_artesp_256_l30_eixo_dois_corregos_,SP,ARTESP,estadual,ARTESP/SP concessionárias,L30-EIXO,,P04 - DOIS CÓRREGOS,praca_fisica,SP225,"144,000",BROTAS,LESTE,-22.25588286,-48.24387510,1.00,2.00,3.00,4.00,5.00,6.00,7.00,8.00,9.00,ativo,cobranca_confirmada,true,alta,baixa,ARTESP Pedágio/Volume Pedagiado 2026,KMZ ARTESP l30.kmz - correspondência por praça/pórtico
sp_artesp_257_l30_eixo_dois_corregos_,SP,ARTESP,estadual,ARTESP/SP concessionárias,L30-EIXO,,P04 - DOIS CÓRREGOS,praca_fisica,SP225,"144,000",BROTAS,OESTE,-22.25588286,-48.24387510,1.00,2.00,3.00,4.00,5.00,6.00,7.00,8.00,9.00,ativo,cobranca_confirmada,true,alta,baixa,ARTESP Pedágio/Volume Pedagiado 2026,KMZ ARTESP l30.kmz - correspondência por praça/pórtico
sp_artesp_258_l30_eixo_jau_,SP,ARTESP,estadual,ARTESP/SP concessionárias,L30-EIXO,,P05 - JAÚ,praca_fisica,SP225,"199,000",JAÚ,LESTE,-22.31842088,-48.72551132,1.00,2.00,3.00,4.00,5.00,6.00,7.00,8.00,9.00,ativo,cobranca_confirmada,true,alta,baixa,ARTESP Pedágio/Volume Pedagiado 2026,KMZ ARTESP l30.kmz - correspondência por praça/pórtico
sp_artesp_259_l30_eixo_jau_,SP,ARTESP,estadual,ARTESP/SP concessionárias,L30-EIXO,,P05 - JAÚ,praca_fisica,SP225,"199,000",JAÚ,OESTE,-22.31842088,-48.72551132,1.00,2.00,3.00,4.00,5.00,6.00,7.00,8.00,9.00,ativo,cobranca_confirmada,true,alta,baixa,ARTESP Pedágio/Volume Pedagiado 2026,KMZ ARTESP l30.kmz - correspondência por praça/pórtico
sp_artesp_260_l30_eixo_piracicaba_,SP,ARTESP,estadual,ARTESP/SP concessionárias,L30-EIXO,,P06 - PIRACICABA,praca_fisica,SP308,"182,250",PIRACICABA,NORTE,-22.60653005,-47.71491883,1.00,2.00,3.00,4.00,5.00,6.00,7.00,8.00,9.00,ativo,cobranca_confirmada,true,alta,baixa,ARTESP Pedágio/Volume Pedagiado 2026,KMZ ARTESP l30.kmz - correspondência por praça/pórtico
sp_artesp_261_l30_eixo_piracicaba_,SP,ARTESP,estadual,ARTESP/SP concessionárias,L30-EIXO,,P06 - PIRACICABA,praca_fisica,SP308,"182,250",PIRACICABA,SUL,-22.60653005,-47.71491883,1.00,2.00,3.00,4.00,5.00,6.00,7.00,8.00,9.00,ativo,cobranca_confirmada,true,alta,baixa,ARTESP Pedágio/Volume Pedagiado 2026,KMZ ARTESP l30.kmz - correspondência por praça/pórtico
sp_artesp_262_l30_eixo_sao_pedro_i_,SP,ARTESP,estadual,ARTESP/SP concessionárias,L30-EIXO,,P07 - SÃO PEDRO I,praca_fisica,SP304,183,São Pedro,LESTE,-22.64813884,-47.80732493,1.00,2.00,3.00,4.00,5.00,6.00,7.00,8.00,9.00,ativo,cobranca_confirmada,true,alta,baixa,ARTESP Pedágio/Volume Pedagiado 2026,KMZ ARTESP l30.kmz - correspondência por praça/pórtico
sp_artesp_263_l30_eixo_sao_pedro_i_,SP,ARTESP,estadual,ARTESP/SP concessionárias,L30-EIXO,,P07 - SÃO PEDRO I,praca_fisica,SP304,183,São Pedro,OESTE,-22.64813884,-47.80732493,1.00,2.00,3.00,4.00,5.00,6.00,7.00,8.00,9.00,ativo,cobranca_confirmada,true,alta,baixa,ARTESP Pedágio/Volume Pedagiado 2026,KMZ ARTESP l30.kmz - correspondência por praça/pórtico
sp_artesp_264_l30_eixo_sao_pedro_ii_,SP,ARTESP,estadual,ARTESP/SP concessionárias,L30-EIXO,,P08 - SÃO PEDRO II,praca_fisica,SP304,215,São Pedro,LESTE,-22.56491676,-48.06193309,1.00,2.00,3.00,4.00,5.00,6.00,7.00,8.00,9.00,ativo,cobranca_confirmada,true,alta,baixa,ARTESP Pedágio/Volume Pedagiado 2026,KMZ ARTESP l30.kmz - correspondência por praça/pórtico
sp_artesp_265_l30_eixo_sao_pedro_ii_,SP,ARTESP,estadual,ARTESP/SP concessionárias,L30-EIXO,,P08 - SÃO PEDRO II,praca_fisica,SP304,215,São Pedro,OESTE,-22.56491676,-48.06193309,1.00,2.00,3.00,4.00,5.00,6.00,7.00,8.00,9.00,ativo,cobranca_confirmada,true,alta,baixa,ARTESP Pedágio/Volume Pedagiado 2026,KMZ ARTESP l30.kmz - correspondência por praça/pórtico
sp_artesp_266_l30_eixo_torrinha_,SP,ARTESP,estadual,ARTESP/SP concessionárias,L30-EIXO,,P09 - TORRINHA,praca_fisica,SP304,"255,800",TORRINHA,LESTE,-22.40530659,-48.26165226,1.00,2.00,3.00,4.00,5.00,6.00,7.00,8.00,9.00,ativo,cobranca_confirmada,true,alta,baixa,ARTESP Pedágio/Volume Pedagiado 2026,KMZ ARTESP l30.kmz - correspondência por praça/pórtico
sp_artesp_267_l30_eixo_torrinha_,SP,ARTESP,estadual,ARTESP/SP concessionárias,L30-EIXO,,P09 - TORRINHA,praca_fisica,SP304,"255,800",TORRINHA,OESTE,-22.40530659,-48.26165226,1.00,2.00,3.00,4.00,5.00,6.00,7.00,8.00,9.00,ativo,cobranca_confirmada,true,alta,baixa,ARTESP Pedágio/Volume Pedagiado 2026,KMZ ARTESP l30.kmz - correspondência por praça/pórtico
sp_artesp_268_l30_eixo_piratininga_,SP,ARTESP,estadual,ARTESP/SP concessionárias,L30-EIXO,,P10 - PIRATININGA,praca_fisica,SP294,"370,000",AVAÍ,LESTE,-22.34572145,-49.28620715,1.00,2.00,3.00,4.00,5.00,6.00,7.00,8.00,9.00,ativo,cobranca_confirmada,true,alta,baixa,ARTESP Pedágio/Volume Pedagiado 2026,KMZ ARTESP l30.kmz - correspondência por praça/pórtico
sp_artesp_269_l30_eixo_piratininga_,SP,ARTESP,estadual,ARTESP/SP concessionárias,L30-EIXO,,P10 - PIRATININGA,praca_fisica,SP294,"370,000",AVAÍ,OESTE,-22.34572145,-49.28620715,1.00,2.00,3.00,4.00,5.00,6.00,7.00,8.00,9.00,ativo,cobranca_confirmada,true,alta,baixa,ARTESP Pedágio/Volume Pedagiado 2026,KMZ ARTESP l30.kmz - correspondência por praça/pórtico
sp_artesp_270_l30_eixo_garca_,SP,ARTESP,estadual,ARTESP/SP concessionárias,L30-EIXO,,P11 - GARÇA,praca_fisica,SP294,"425,700",GARÇA,LESTE,-22.21384784,-49.74252121,1.00,2.00,3.00,4.00,5.00,6.00,7.00,8.00,9.00,ativo,cobranca_confirmada,true,alta,baixa,ARTESP Pedágio/Volume Pedagiado 2026,KMZ ARTESP l30.kmz - correspondência por praça/pórtico
sp_artesp_271_l30_eixo_garca_,SP,ARTESP,estadual,ARTESP/SP concessionárias,L30-EIXO,,P11 - GARÇA,praca_fisica,SP294,"425,700",GARÇA,OESTE,-22.21384784,-49.74252121,1.00,2.00,3.00,4.00,5.00,6.00,7.00,8.00,9.00,ativo,cobranca_confirmada,true,alta,baixa,ARTESP Pedágio/Volume Pedagiado 2026,KMZ ARTESP l30.kmz - correspondência por praça/pórtico
sp_artesp_272_l30_eixo_oriente_,SP,ARTESP,estadual,ARTESP/SP concessionárias,L30-EIXO,,P12 - ORIENTE,praca_fisica,SP294,"474,800",ORIENTE,LESTE,-22.14113512,-50.11238572,1.00,2.00,3.00,4.00,5.00,6.00,7.00,8.00,9.00,ativo,cobranca_confirmada,true,alta,baixa,ARTESP Pedágio/Volume Pedagiado 2026,KMZ ARTESP l30.kmz - correspondência por praça/pórtico
sp_artesp_273_l30_eixo_oriente_,SP,ARTESP,estadual,ARTESP/SP concessionárias,L30-EIXO,,P12 - ORIENTE,praca_fisica,SP294,"474,800",ORIENTE,OESTE,-22.14113512,-50.11238572,1.00,2.00,3.00,4.00,5.00,6.00,7.00,8.00,9.00,ativo,cobranca_confirmada,true,alta,baixa,ARTESP Pedágio/Volume Pedagiado 2026,KMZ ARTESP l30.kmz - correspondência por praça/pórtico
sp_artesp_274_l30_eixo_parapua_,SP,ARTESP,estadual,ARTESP/SP concessionárias,L30-EIXO,,P13 - PARAPUÃ,praca_fisica,SP294,"551,700",PARAPUÃ,LESTE,-21.84194752,-50.72125646,1.00,2.00,3.00,4.00,5.00,6.00,7.00,8.00,9.00,ativo,cobranca_confirmada,true,alta,baixa,ARTESP Pedágio/Volume Pedagiado 2026,KMZ ARTESP l30.kmz - correspondência por praça/pórtico
sp_artesp_275_l30_eixo_parapua_,SP,ARTESP,estadual,ARTESP/SP concessionárias,L30-EIXO,,P13 - PARAPUÃ,praca_fisica,SP294,"551,500",PARAPUÃ,OESTE,-21.84194752,-50.72125646,1.00,2.00,3.00,4.00,5.00,6.00,7.00,8.00,9.00,ativo,cobranca_confirmada,true,alta,baixa,ARTESP Pedágio/Volume Pedagiado 2026,KMZ ARTESP l30.kmz - correspondência por praça/pórtico
sp_artesp_276_l30_eixo_inubia_paulista_,SP,ARTESP,estadual,ARTESP/SP concessionárias,L30-EIXO,,P14 - INÚBIA PAULISTA,praca_fisica,SP294,"581,700",INÚBIA PAULISTA,LESTE,-21.73383674,-50.98207177,1.00,2.00,3.00,4.00,5.00,6.00,7.00,8.00,9.00,ativo,cobranca_confirmada,true,alta,baixa,ARTESP Pedágio/Volume Pedagiado 2026,KMZ ARTESP l30.kmz - correspondência por praça/pórtico
sp_artesp_277_l30_eixo_inubia_paulista_,SP,ARTESP,estadual,ARTESP/SP concessionárias,L30-EIXO,,P14 - INÚBIA PAULISTA,praca_fisica,SP294,"581,700",INÚBIA PAULISTA,OESTE,-21.73383674,-50.98207177,1.00,2.00,3.00,4.00,5.00,6.00,7.00,8.00,9.00,ativo,cobranca_confirmada,true,alta,baixa,ARTESP Pedágio/Volume Pedagiado 2026,KMZ ARTESP l30.kmz - correspondência por praça/pórtico
sp_artesp_278_l30_eixo_pacaembu_,SP,ARTESP,estadual,ARTESP/SP concessionárias,L30-EIXO,,P15 - PACAEMBU,praca_fisica,SP294,"623,100",PACAEMBU,LESTE,-21.54561886,-51.31188794,1.00,2.00,3.00,4.00,5.00,6.00,7.00,8.00,9.00,ativo,cobranca_confirmada,true,alta,baixa,ARTESP Pedágio/Volume Pedagiado 2026,KMZ ARTESP l30.kmz - correspondência por praça/pórtico
sp_artesp_279_l30_eixo_pacaembu_,SP,ARTESP,estadual,ARTESP/SP concessionárias,L30-EIXO,,P15 - PACAEMBU,praca_fisica,SP294,"623,100",PACAEMBU,OESTE,-21.54561886,-51.31188794,1.00,2.00,3.00,4.00,5.00,6.00,7.00,8.00,9.00,ativo,cobranca_confirmada,true,alta,baixa,ARTESP Pedágio/Volume Pedagiado 2026,KMZ ARTESP l30.kmz - correspondência por praça/pórtico
sp_artesp_280_l30_eixo_indiana_,SP,ARTESP,estadual,ARTESP/SP concessionárias,L30-EIXO,,P16 - INDIANA,praca_fisica,SP425,"436,000",INDIANA,NORTE,-22.14348555,-51.23708045,1.00,2.00,3.00,4.00,5.00,6.00,7.00,8.00,9.00,ativo,cobranca_confirmada,true,alta,baixa,ARTESP Pedágio/Volume Pedagiado 2026,KMZ ARTESP l30.kmz - correspondência por praça/pórtico
sp_artesp_281_l30_eixo_indiana_,SP,ARTESP,estadual,ARTESP/SP concessionárias,L30-EIXO,,P16 - INDIANA,praca_fisica,SP425,"436,000",INDIANA,SUL,-22.14348555,-51.23708045,1.00,2.00,3.00,4.00,5.00,6.00,7.00,8.00,9.00,ativo,cobranca_confirmada,true,alta,baixa,ARTESP Pedágio/Volume Pedagiado 2026,KMZ ARTESP l30.kmz - correspondência por praça/pórtico
sp_artesp_282_l30_eixo_paraguacu_paulista_,SP,ARTESP,estadual,ARTESP/SP concessionárias,L30-EIXO,,P17 - PARAGUAÇÚ PAULISTA,praca_fisica,SP284,"458,300",PARAGUAÇU PAULISTA,LESTE,-22.57227232,-50.51712236,1.00,2.00,3.00,4.00,5.00,6.00,7.00,8.00,9.00,ativo,cobranca_confirmada,true,alta,baixa,ARTESP Pedágio/Volume Pedagiado 2026,KMZ ARTESP l30.kmz - correspondência por praça/pórtico
sp_artesp_283_l30_eixo_paraguacu_paulista_,SP,ARTESP,estadual,ARTESP/SP concessionárias,L30-EIXO,,P17 - PARAGUAÇÚ PAULISTA,praca_fisica,SP284,"458,300",PARAGUAÇU PAULISTA,OESTE,-22.57227232,-50.51712236,1.00,2.00,3.00,4.00,5.00,6.00,7.00,8.00,9.00,ativo,cobranca_confirmada,true,alta,baixa,ARTESP Pedágio/Volume Pedagiado 2026,KMZ ARTESP l30.kmz - correspondência por praça/pórtico
sp_artesp_284_l30_eixo_rancharia_,SP,ARTESP,estadual,ARTESP/SP concessionárias,L30-EIXO,,P18 - RANCHARIA,praca_fisica,SP284,"531,200",RANCHARIA,LESTE,-22.21847904,-51.02118143,1.00,2.00,3.00,4.00,5.00,6.00,7.00,8.00,9.00,ativo,cobranca_confirmada,true,alta,baixa,ARTESP Pedágio/Volume Pedagiado 2026,KMZ ARTESP l30.kmz - correspondência por praça/pórtico
sp_artesp_285_l30_eixo_rancharia_,SP,ARTESP,estadual,ARTESP/SP concessionárias,L30-EIXO,,P18 - RANCHARIA,praca_fisica,SP284,"531,200",RANCHARIA,OESTE,-22.21847904,-51.02118143,1.00,2.00,3.00,4.00,5.00,6.00,7.00,8.00,9.00,ativo,cobranca_confirmada,true,alta,baixa,ARTESP Pedágio/Volume Pedagiado 2026,KMZ ARTESP l30.kmz - correspondência por praça/pórtico
sp_artesp_286_l30_eixo_martinopolis_,SP,ARTESP,estadual,ARTESP/SP concessionárias,L30-EIXO,,P19 - MARTINÓPOLIS,praca_fisica,SP425,"400,100",MARTINÓPOLIS,NORTE,-21.95937477,-50.95526402,1.00,2.00,3.00,4.00,5.00,6.00,7.00,8.00,9.00,ativo,cobranca_confirmada,true,alta,baixa,ARTESP Pedágio/Volume Pedagiado 2026,KMZ ARTESP l30.kmz - correspondência por praça/pórtico
sp_artesp_287_l30_eixo_martinopolis_,SP,ARTESP,estadual,ARTESP/SP concessionárias,L30-EIXO,,P19 - MARTINÓPOLIS,praca_fisica,SP425,"400,100",MARTINÓPOLIS,SUL,-21.95937477,-50.95526402,1.00,2.00,3.00,4.00,5.00,6.00,7.00,8.00,9.00,ativo,cobranca_confirmada,true,alta,baixa,ARTESP Pedágio/Volume Pedagiado 2026,KMZ ARTESP l30.kmz - correspondência por praça/pórtico
sp_artesp_288_l30_eixo_santa_mercedes_,SP,ARTESP,estadual,ARTESP/SP concessionárias,L30-EIXO,,P20 - SANTA MERCEDES,praca_fisica,SP294,"670,800",SANTA MERCEDES,LESTE,-21.36128049,-51.71313623,1.00,2.00,3.00,4.00,5.00,6.00,7.00,8.00,9.00,ativo,cobranca_confirmada,true,alta,baixa,ARTESP Pedágio/Volume Pedagiado 2026,KMZ ARTESP l30.kmz - correspondência por praça/pórtico
sp_artesp_289_l30_eixo_santa_mercedes_,SP,ARTESP,estadual,ARTESP/SP concessionárias,L30-EIXO,,P20 - SANTA MERCEDES,praca_fisica,SP294,"670,800",SANTA MERCEDES,OESTE,-21.36128049,-51.71313623,1.00,2.00,3.00,4.00,5.00,6.00,7.00,8.00,9.00,ativo,cobranca_confirmada,true,alta,baixa,ARTESP Pedágio/Volume Pedagiado 2026,KMZ ARTESP l30.kmz - correspondência por praça/pórtico
sp_artesp_290_l30_eixo_cabralia_paulista_,SP,ARTESP,estadual,ARTESP/SP concessionárias,L30-EIXO,,P21 - CABRÁLIA PAULISTA,praca_fisica,SP293,"2,000",CABRÁLIA PAULISTA,NORTE,-22.49541251,-49.31260264,1.00,2.00,3.00,4.00,5.00,6.00,7.00,8.00,9.00,ativo,cobranca_confirmada,true,alta,baixa,ARTESP Pedágio/Volume Pedagiado 2026,KMZ ARTESP l30.kmz - correspondência por praça/pórtico
sp_artesp_291_l30_eixo_cabralia_paulista_,SP,ARTESP,estadual,ARTESP/SP concessionárias,L30-EIXO,,P21 - CABRÁLIA PAULISTA,praca_fisica,SP293,"2,000",CABRÁLIA PAULISTA,SUL,-22.49541251,-49.31260264,1.00,2.00,3.00,4.00,5.00,6.00,7.00,8.00,9.00,ativo,cobranca_confirmada,true,alta,baixa,ARTESP Pedágio/Volume Pedagiado 2026,KMZ ARTESP l30.kmz - correspondência por praça/pórtico
sp_artesp_292_l32_novo_aruja_,SP,ARTESP,estadual,ARTESP/SP concessionárias,L32-NOVO LITORAL,,PÓRTICO 01 - ARUJÁ,portico_free_flow,SP088,37+150,Arujá,NORTE,-23.42797233,-46.27834227,1.56,3.12,4.68,6.24,7.80,9.36,10.92,12.48,14.04,ativo,cobranca_confirmada,true,alta,media,ARTESP Pedágio/Volume Pedagiado 2026,KMZ ARTESP l32.kmz + CNL Novo Litoral
sp_artesp_293_l32_novo_aruja_,SP,ARTESP,estadual,ARTESP/SP concessionárias,L32-NOVO LITORAL,,PÓRTICO 01 - ARUJÁ,portico_free_flow,SP088,37+780,Arujá,SUL,-23.43016100,-46.27341300,1.56,3.12,4.68,6.24,7.80,9.36,10.92,12.48,14.04,ativo,cobranca_confirmada,true,alta,media,ARTESP Pedágio/Volume Pedagiado 2026,KMZ ARTESP l32.kmz + CNL Novo Litoral
sp_artesp_294_l32_novo_mogi_cruzes_,SP,ARTESP,estadual,ARTESP/SP concessionárias,L32-NOVO LITORAL,,PÓRTICO 02 - MOGI DAS CRUZES,portico_free_flow,SP088,41+600,Mogi das Cruzes,NORTE,-23.45199941,-46.24687919,1.99,3.98,5.97,7.96,9.95,11.94,13.93,15.92,17.91,ativo,cobranca_confirmada,true,alta,media,ARTESP Pedágio/Volume Pedagiado 2026,KMZ ARTESP l32.kmz + CNL Novo Litoral
sp_artesp_295_l32_novo_mogi_cruzes_,SP,ARTESP,estadual,ARTESP/SP concessionárias,L32-NOVO LITORAL,,PÓRTICO 02 - MOGI DAS CRUZES,portico_free_flow,SP088,40+800,Mogi das Cruzes,SUL,-23.44566621,-46.24965805,1.99,3.98,5.97,7.96,9.95,11.94,13.93,15.92,17.91,ativo,cobranca_confirmada,true,alta,media,ARTESP Pedágio/Volume Pedagiado 2026,KMZ ARTESP l32.kmz + CNL Novo Litoral
sp_artesp_296_l32_novo_bertioga_,SP,ARTESP,estadual,ARTESP/SP concessionárias,L32-NOVO LITORAL,,PÓRTICO 03 - BERTIOGA,portico_free_flow,SP098,92+740,Bertioga,NORTE,-23.78765000,-45.97050000,6.95,13.90,20.85,27.80,34.75,41.70,48.65,55.60,62.55,ativo,cobranca_confirmada,true,alta,media,ARTESP Pedágio/Volume Pedagiado 2026,KMZ ARTESP l32.kmz + CNL Novo Litoral
sp_artesp_297_l32_novo_bertioga_,SP,ARTESP,estadual,ARTESP/SP concessionárias,L32-NOVO LITORAL,,PÓRTICO 03 - BERTIOGA,portico_free_flow,SP098,92+740,Bertioga,SUL,-23.78765000,-45.97050000,6.95,13.90,20.85,27.80,34.75,41.70,48.65,55.60,62.55,ativo,cobranca_confirmada,true,alta,media,ARTESP Pedágio/Volume Pedagiado 2026,KMZ ARTESP l32.kmz + CNL Novo Litoral
sp_artesp_298_l32_novo_santos_,SP,ARTESP,estadual,ARTESP/SP concessionárias,L32-NOVO LITORAL,,PÓRTICO 04 - SANTOS,portico_free_flow,SP055,236+000,Santos,LESTE,-23.93374000,-46.37669000,5.80,11.60,17.40,23.20,29.00,34.80,40.60,46.40,52.20,ativo,cobranca_confirmada,true,alta,media,ARTESP Pedágio/Volume Pedagiado 2026,KMZ ARTESP l32.kmz + CNL Novo Litoral
sp_artesp_299_l32_novo_santos_,SP,ARTESP,estadual,ARTESP/SP concessionárias,L32-NOVO LITORAL,,PÓRTICO 04 - SANTOS,portico_free_flow,SP055,236+000,Santos,OESTE,-23.93374000,-46.37669000,5.80,11.60,17.40,23.20,29.00,34.80,40.60,46.40,52.20,ativo,cobranca_confirmada,true,alta,media,ARTESP Pedágio/Volume Pedagiado 2026,KMZ ARTESP l32.kmz + CNL Novo Litoral
sp_artesp_300_l32_novo_miracatu_,SP,ARTESP,estadual,ARTESP/SP concessionárias,L32-NOVO LITORAL,,PÓRTICO 05 - MIRACATU,portico_free_flow,SP055,389+560,Miracatu,LESTE,-24.26290000,-47.36960000,5.59,11.18,16.77,22.36,27.95,33.54,39.13,44.72,50.31,ativo,cobranca_confirmada,true,alta,media,ARTESP Pedágio/Volume Pedagiado 2026,KMZ ARTESP l32.kmz + CNL Novo Litoral
sp_artesp_301_l32_novo_miracatu_,SP,ARTESP,estadual,ARTESP/SP concessionárias,L32-NOVO LITORAL,,PÓRTICO 05 - MIRACATU,portico_free_flow,SP055,389+560,Miracatu,OESTE,-24.26290000,-47.36960000,5.59,11.18,16.77,22.36,27.95,33.54,39.13,44.72,50.31,ativo,cobranca_confirmada,true,alta,media,ARTESP Pedágio/Volume Pedagiado 2026,KMZ ARTESP l32.kmz + CNL Novo Litoral
sp_artesp_306_l33_rota_sorocabana_itu_,SP,ARTESP,estadual,ARTESP/SP concessionárias,L33-ROTA SOROCABANA,,ITU,praca_fisica,SP280,"74,000",ITU,LESTE,-23.40656310,-47.30178838,13.20,26.40,39.60,52.80,66.00,79.20,92.40,105.60,118.80,ativo,cobranca_confirmada,true,alta,media,ARTESP Pedágio/Volume Pedagiado 2026,KMZ ARTESP l33.kmz - correspondência por praça/pórtico
sp_artesp_307_l33_rota_sorocabana_sao_roque_,SP,ARTESP,estadual,ARTESP/SP concessionárias,L33-ROTA SOROCABANA,,PÓRTICO KM48 - SÃO ROQUE,portico_free_flow,SP-270,48,São Roque,LESTE,-23.58992610,-47.06031400,5.05,10.10,15.15,20.20,25.25,30.30,35.35,40.40,45.45,ativo_cobranca_confirmada,cobranca_confirmada,true,alta,alta,https://www.sigafacil.sp.gov.br/,KMZ/CNL ARTESP L33 + Siga Fácil; corrigido na auditoria V10
sp_artesp_308_l33_rota_sorocabana_sao_roque_,SP,ARTESP,estadual,ARTESP/SP concessionárias,L33-ROTA SOROCABANA,,PÓRTICO KM48 - SÃO ROQUE,portico_free_flow,SP-270,48,São Roque,OESTE,-23.58985290,-47.06023430,5.05,10.10,15.15,20.20,25.25,30.30,35.35,40.40,45.45,ativo_cobranca_confirmada,cobranca_confirmada,true,alta,alta,https://www.sigafacil.sp.gov.br/,KMZ/CNL ARTESP L33 + Siga Fácil; corrigido na auditoria V10
sp_artesp_319_l33_rota_sorocabana_aracoiaba_da_serra_,SP,ARTESP,estadual,ARTESP/SP concessionárias,L33-ROTA SOROCABANA,,PÓRTICO 12 - ARAÇOIABA,portico_free_flow,SP-270,111,Araçoiaba da Serra,LESTE,-23.51057597,-47.56330553,4.20,8.40,12.60,16.80,21.00,25.20,29.40,33.60,37.80,ativo_cobranca_confirmada,cobranca_confirmada,true,alta,alta,https://www.sigafacil.sp.gov.br/,KMZ ARTESP l33.kmz - correspondência por praça/pórtico
sp_artesp_320_l33_rota_sorocabana_aracoiaba_da_serra_,SP,ARTESP,estadual,ARTESP/SP concessionárias,L33-ROTA SOROCABANA,,PÓRTICO 12 - ARAÇOIABA,portico_free_flow,SP-270,111,Araçoiaba da Serra,OESTE,-23.51057597,-47.56330553,4.20,8.40,12.60,16.80,21.00,25.20,29.40,33.60,37.80,ativo_cobranca_confirmada,cobranca_confirmada,true,alta,alta,https://www.sigafacil.sp.gov.br/,KMZ ARTESP l33.kmz - correspondência por praça/pórtico
sp_artesp_331_l33_rota_sorocabana_sorocaba_,SP,ARTESP,estadual,ARTESP/SP concessionárias,L33-ROTA SOROCABANA,,SOROCABA,praca_fisica,SP075,"12,000",ITU,SUL,-23.41146383,-47.34196079,7.50,15.00,22.50,30.00,37.50,45.00,52.50,60.00,67.50,ativo,cobranca_confirmada,true,alta,media,ARTESP Pedágio/Volume Pedagiado 2026,KMZ ARTESP l33.kmz - correspondência por praça/pórtico
br_antt_008_autopista_fernao_dias_,SP,ANTT,federal,AUTOPISTA FERNÃO DIAS,,,1 Norte (Mairiporã),praca_fisica,BR-381,65.7,Mairiporã,Decrescente,-23.32229800,-46.58109700,3.20,6.40,9.60,12.80,16.00,19.20,22.40,25.60,28.80,ativo,cobranca_confirmada,true,alta,alta,ANTT/dados de tarifas,ANTT/dados-dos-pracas-de-pedagio2_2026.csv
br_antt_007_autopista_fernao_dias_defasada,SP,ANTT,federal,AUTOPISTA FERNÃO DIAS,,,1 Norte - Defasada (Mairiporã),praca_fisica,BR-381,67.8,Mairiporã,Decrescente,-23.34121000,-46.57366400,3.20,6.40,9.60,12.80,16.00,19.20,22.40,25.60,28.80,ativo,cobranca_confirmada,true,alta,alta,ANTT/dados de tarifas,ANTT/dados-dos-pracas-de-pedagio2_2026.csv
br_antt_009_autopista_fernao_dias_,SP,ANTT,federal,AUTOPISTA FERNÃO DIAS,,,1 Sul (Mairiporã),praca_fisica,BR-381,66.6,Mairiporã,Crescente,-23.33055800,-46.57833700,3.20,6.40,9.60,12.80,16.00,19.20,22.40,25.60,28.80,ativo,cobranca_confirmada,true,alta,alta,ANTT/dados de tarifas,ANTT/dados-dos-pracas-de-pedagio2_2026.csv
br_antt_010_autopista_fernao_dias_,SP,ANTT,federal,AUTOPISTA FERNÃO DIAS,,,2 (Vargem),praca_fisica,BR-381,7.3,Vargem,Crescente/Decrescente,-22.90868500,-46.42487700,3.20,6.40,9.60,12.80,16.00,19.20,22.40,25.60,28.80,ativo,cobranca_confirmada,true,alta,alta,ANTT/dados de tarifas,ANTT/dados-dos-pracas-de-pedagio2_2026.csv
br_antt_154_riosp_aruja,SP,ANTT,federal,RIOSP,,,Arujá Norte,praca_fisica,BR-116,204.3,Arujá,Decrescente,-23.41000000,-46.36000000,4.50,9.00,13.50,18.00,22.50,27.00,31.50,36.00,40.50,ativo,cobranca_confirmada,true,alta,media,ANTT/dados de tarifas,ANTT/dados-dos-pracas-de-pedagio2_2026.csv
br_antt_153_riosp_aruja_rodoanel,SP,ANTT,federal,RIOSP,,,Arujá Rodoanel,praca_fisica,BR-116,204.8,Arujá,Decrescente,-23.42000000,-46.37000000,4.50,9.00,13.50,18.00,22.50,27.00,31.50,36.00,40.50,ativo,cobranca_confirmada,true,alta,media,ANTT/dados de tarifas,ANTT/dados-dos-pracas-de-pedagio2_2026.csv
br_antt_155_riosp_aruja,SP,ANTT,federal,RIOSP,,,Arujá Sul,praca_fisica,BR-116,204.3,Arujá,Crescente,-23.41000000,-46.36000000,4.50,9.00,13.50,18.00,22.50,27.00,31.50,36.00,40.50,ativo,cobranca_confirmada,true,alta,media,ANTT/dados de tarifas,ANTT/dados-dos-pracas-de-pedagio2_2026.csv
br_antt_030_autopista_regis_bittencourt_barra_turvo,SP,ANTT,federal,AUTOPISTA REGIS BITTENCOURT,,,Barra do Turvo,praca_fisica,BR-116,542.9,Barra do Turvo,Crescente/Decrescente,-24.96404400,-48.41200000,4.30,8.60,12.90,17.20,21.50,25.80,30.10,34.40,38.70,ativo,cobranca_confirmada,true,alta,alta,ANTT/dados de tarifas,ANTT/dados-dos-pracas-de-pedagio2_2026.csv
br_antt_031_autopista_regis_bittencourt_cajati,SP,ANTT,federal,AUTOPISTA REGIS BITTENCOURT,,,Cajati,praca_fisica,BR-116,485.7,Cajati,Crescente/Decrescente,-24.72248300,-48.08258000,4.30,8.60,12.90,17.20,21.50,25.80,30.10,34.40,38.70,ativo,cobranca_confirmada,true,alta,alta,ANTT/dados de tarifas,ANTT/dados-dos-pracas-de-pedagio2_2026.csv
br_antt_200_riosp_free_flow_pfe001_pfs001,SP,ANTT,federal,RIOSP,,,Free Flow PFE001 - PFS001 Sul,portico_free_flow,BR-116,211.7,Guarulhos,Crescente,-23.43512000,-46.42673700,4.50,9.00,13.50,18.00,22.50,27.00,31.50,36.00,40.50,ativo,cobranca_confirmada,true,alta,media,ANTT/dados de tarifas,ANTT/dados-dos-pracas-de-pedagio2_2026.csv
br_antt_201_riosp_free_flow_pfe001_pfs002,SP,ANTT,federal,RIOSP,,,Free Flow PFE001 - PFS002 Sul,portico_free_flow,BR-116,211.7,Guarulhos,Crescente,-23.43512000,-46.42673700,4.50,9.00,13.50,18.00,22.50,27.00,31.50,36.00,40.50,ativo,cobranca_confirmada,true,alta,media,ANTT/dados de tarifas,ANTT/dados-dos-pracas-de-pedagio2_2026.csv
br_antt_202_riosp_free_flow_pfe001_pfs003,SP,ANTT,federal,RIOSP,,,Free Flow PFE001 - PFS003 Sul,portico_free_flow,BR-116,211.7,Guarulhos,Crescente,-23.43512000,-46.42673700,4.50,9.00,13.50,18.00,22.50,27.00,31.50,36.00,40.50,ativo,cobranca_confirmada,true,alta,media,ANTT/dados de tarifas,ANTT/dados-dos-pracas-de-pedagio2_2026.csv
br_antt_203_riosp_free_flow_pfe001_pfs004,SP,ANTT,federal,RIOSP,,,Free Flow PFE001 - PFS004 Sul,portico_free_flow,BR-116,211.7,Guarulhos,Crescente,-23.43512000,-46.42673700,4.50,9.00,13.50,18.00,22.50,27.00,31.50,36.00,40.50,ativo,cobranca_confirmada,true,alta,media,ANTT/dados de tarifas,ANTT/dados-dos-pracas-de-pedagio2_2026.csv
br_antt_204_riosp_free_flow_pfe001_pfs005,SP,ANTT,federal,RIOSP,,,Free Flow PFE001 - PFS005 Sul,portico_free_flow,BR-116,211.7,Guarulhos,Crescente,-23.43512000,-46.42673700,4.50,9.00,13.50,18.00,22.50,27.00,31.50,36.00,40.50,ativo,cobranca_confirmada,true,alta,media,ANTT/dados de tarifas,ANTT/dados-dos-pracas-de-pedagio2_2026.csv
br_antt_205_riosp_free_flow_pfe002_pfs002,SP,ANTT,federal,RIOSP,,,Free Flow PFE002 - PFS002 Sul,portico_free_flow,BR-116,219.0,Guarulhos,Crescente,-23.46367900,-46.49557800,4.50,9.00,13.50,18.00,22.50,27.00,31.50,36.00,40.50,ativo,cobranca_confirmada,true,alta,media,ANTT/dados de tarifas,ANTT/dados-dos-pracas-de-pedagio2_2026.csv
br_antt_206_riosp_free_flow_pfe002_pfs003,SP,ANTT,federal,RIOSP,,,Free Flow PFE002 - PFS003 Sul,portico_free_flow,BR-116,219.0,Guarulhos,Crescente,-23.46367900,-46.49557800,4.50,9.00,13.50,18.00,22.50,27.00,31.50,36.00,40.50,ativo,cobranca_confirmada,true,alta,media,ANTT/dados de tarifas,ANTT/dados-dos-pracas-de-pedagio2_2026.csv
br_antt_207_riosp_free_flow_pfe002_pfs004,SP,ANTT,federal,RIOSP,,,Free Flow PFE002 - PFS004 Sul,portico_free_flow,BR-116,219.0,Guarulhos,Crescente,-23.46367900,-46.49557800,4.50,9.00,13.50,18.00,22.50,27.00,31.50,36.00,40.50,ativo,cobranca_confirmada,true,alta,media,ANTT/dados de tarifas,ANTT/dados-dos-pracas-de-pedagio2_2026.csv
br_antt_208_riosp_free_flow_pfe002_pfs005,SP,ANTT,federal,RIOSP,,,Free Flow PFE002 - PFS005 Sul,portico_free_flow,BR-116,219.0,Guarulhos,Crescente,-23.46367900,-46.49557800,4.50,9.00,13.50,18.00,22.50,27.00,31.50,36.00,40.50,ativo,cobranca_confirmada,true,alta,media,ANTT/dados de tarifas,ANTT/dados-dos-pracas-de-pedagio2_2026.csv
br_antt_209_riosp_free_flow_pfe003_pfs002,SP,ANTT,federal,RIOSP,,,Free Flow PFE003 - PFS002 Sul,portico_free_flow,BR-116,224.4,Guarulhos,Crescente,-23.48441600,-46.53919100,4.50,9.00,13.50,18.00,22.50,27.00,31.50,36.00,40.50,ativo,cobranca_confirmada,true,alta,media,ANTT/dados de tarifas,ANTT/dados-dos-pracas-de-pedagio2_2026.csv
br_antt_210_riosp_free_flow_pfe003_pfs003,SP,ANTT,federal,RIOSP,,,Free Flow PFE003 - PFS003 Sul,portico_free_flow,BR-116,224.4,Guarulhos,Crescente,-23.48441600,-46.53919100,4.50,9.00,13.50,18.00,22.50,27.00,31.50,36.00,40.50,ativo,cobranca_confirmada,true,alta,media,ANTT/dados de tarifas,ANTT/dados-dos-pracas-de-pedagio2_2026.csv
br_antt_211_riosp_free_flow_pfe003_pfs004,SP,ANTT,federal,RIOSP,,,Free Flow PFE003 - PFS004 Sul,portico_free_flow,BR-116,224.4,Guarulhos,Crescente,-23.48441600,-46.53919100,4.50,9.00,13.50,18.00,22.50,27.00,31.50,36.00,40.50,ativo,cobranca_confirmada,true,alta,media,ANTT/dados de tarifas,ANTT/dados-dos-pracas-de-pedagio2_2026.csv
br_antt_212_riosp_free_flow_pfe003_pfs005,SP,ANTT,federal,RIOSP,,,Free Flow PFE003 - PFS005 Sul,portico_free_flow,BR-116,224.4,Guarulhos,Crescente,-23.48441600,-46.53919100,4.50,9.00,13.50,18.00,22.50,27.00,31.50,36.00,40.50,ativo,cobranca_confirmada,true,alta,media,ANTT/dados de tarifas,ANTT/dados-dos-pracas-de-pedagio2_2026.csv
br_antt_161_riosp_free_flow_pfe004_pfs003,SP,ANTT,federal,RIOSP,,,Free Flow PFE004 - PFS003 Sul,portico_free_flow,BR-116,227.0,São Paulo,Crescente,-23.49750700,-46.56003900,4.50,9.00,13.50,18.00,22.50,27.00,31.50,36.00,40.50,ativo,cobranca_confirmada,true,alta,media,ANTT/dados de tarifas,ANTT/dados-dos-pracas-de-pedagio2_2026.csv
br_antt_162_riosp_free_flow_pfe004_pfs004,SP,ANTT,federal,RIOSP,,,Free Flow PFE004 - PFS004 Sul,portico_free_flow,BR-116,227.0,São Paulo,Crescente,-23.49750700,-46.56003900,4.50,9.00,13.50,18.00,22.50,27.00,31.50,36.00,40.50,ativo,cobranca_confirmada,true,alta,media,ANTT/dados de tarifas,ANTT/dados-dos-pracas-de-pedagio2_2026.csv
br_antt_163_riosp_free_flow_pfe004_pfs005,SP,ANTT,federal,RIOSP,,,Free Flow PFE004 - PFS005 Sul,portico_free_flow,BR-116,227.0,São Paulo,Crescente,-23.49750700,-46.56003900,4.50,9.00,13.50,18.00,22.50,27.00,31.50,36.00,40.50,ativo,cobranca_confirmada,true,alta,media,ANTT/dados de tarifas,ANTT/dados-dos-pracas-de-pedagio2_2026.csv
br_antt_164_riosp_free_flow_pfe005_bairro,SP,ANTT,federal,RIOSP,,,Free Flow PFE005 - BAIRRO Norte,portico_free_flow,BR-116,231.3,São Paulo,Decrescente,-23.52609500,-46.58832900,4.50,9.00,13.50,18.00,22.50,27.00,31.50,36.00,40.50,ativo,cobranca_confirmada,true,alta,media,ANTT/dados de tarifas,ANTT/dados-dos-pracas-de-pedagio2_2026.csv
br_antt_165_riosp_free_flow_pfe005_pedard,SP,ANTT,federal,RIOSP,,,Free Flow PFE005 - PEDARD Norte,portico_free_flow,BR-116,231.3,São Paulo,Decrescente,-23.52609500,-46.58832900,4.50,9.00,13.50,18.00,22.50,27.00,31.50,36.00,40.50,ativo,cobranca_confirmada,true,alta,media,ANTT/dados de tarifas,ANTT/dados-dos-pracas-de-pedagio2_2026.csv
br_antt_166_riosp_free_flow_pfe005_pedaru,SP,ANTT,federal,RIOSP,,,Free Flow PFE005 - PEDARU Norte,portico_free_flow,BR-116,231.3,São Paulo,Decrescente,-23.52609500,-46.58832900,4.50,9.00,13.50,18.00,22.50,27.00,31.50,36.00,40.50,ativo,cobranca_confirmada,true,alta,media,ANTT/dados de tarifas,ANTT/dados-dos-pracas-de-pedagio2_2026.csv
br_antt_167_riosp_free_flow_pfe005_pfs006,SP,ANTT,federal,RIOSP,,,Free Flow PFE005 - PFS006 Norte,portico_free_flow,BR-116,231.3,São Paulo,Decrescente,-23.52609500,-46.58832900,4.50,9.00,13.50,18.00,22.50,27.00,31.50,36.00,40.50,ativo,cobranca_confirmada,true,alta,media,ANTT/dados de tarifas,ANTT/dados-dos-pracas-de-pedagio2_2026.csv
br_antt_168_riosp_free_flow_pfe005_pfs007,SP,ANTT,federal,RIOSP,,,Free Flow PFE005 - PFS007 Norte,portico_free_flow,BR-116,231.3,São Paulo,Decrescente,-23.52609500,-46.58832900,4.50,9.00,13.50,18.00,22.50,27.00,31.50,36.00,40.50,ativo,cobranca_confirmada,true,alta,media,ANTT/dados de tarifas,ANTT/dados-dos-pracas-de-pedagio2_2026.csv
br_antt_169_riosp_free_flow_pfe005_pfs008,SP,ANTT,federal,RIOSP,,,Free Flow PFE005 - PFS008 Norte,portico_free_flow,BR-116,231.3,São Paulo,Decrescente,-23.52609500,-46.58832900,4.50,9.00,13.50,18.00,22.50,27.00,31.50,36.00,40.50,ativo,cobranca_confirmada,true,alta,media,ANTT/dados de tarifas,ANTT/dados-dos-pracas-de-pedagio2_2026.csv
br_antt_170_riosp_free_flow_pfe005_pfs009,SP,ANTT,federal,RIOSP,,,Free Flow PFE005 - PFS009 Norte,portico_free_flow,BR-116,231.3,São Paulo,Decrescente,-23.52609500,-46.58832900,4.50,9.00,13.50,18.00,22.50,27.00,31.50,36.00,40.50,ativo,cobranca_confirmada,true,alta,media,ANTT/dados de tarifas,ANTT/dados-dos-pracas-de-pedagio2_2026.csv
br_antt_171_riosp_free_flow_pfe005_pfs010,SP,ANTT,federal,RIOSP,,,Free Flow PFE005 - PFS010 Norte,portico_free_flow,BR-116,231.3,São Paulo,Decrescente,-23.52609500,-46.58832900,4.50,9.00,13.50,18.00,22.50,27.00,31.50,36.00,40.50,ativo,cobranca_confirmada,true,alta,media,ANTT/dados de tarifas,ANTT/dados-dos-pracas-de-pedagio2_2026.csv
br_antt_172_riosp_free_flow_pfe006_bairro,SP,ANTT,federal,RIOSP,,,Free Flow PFE006 - BAIRRO Norte,portico_free_flow,BR-116,228.85,São Paulo,Decrescente,-23.50926000,-46.57271800,4.50,9.00,13.50,18.00,22.50,27.00,31.50,36.00,40.50,ativo,cobranca_confirmada,true,alta,media,ANTT/dados de tarifas,ANTT/dados-dos-pracas-de-pedagio2_2026.csv
br_antt_173_riosp_free_flow_pfe006_pedard,SP,ANTT,federal,RIOSP,,,Free Flow PFE006 - PEDARD Norte,portico_free_flow,BR-116,228.85,São Paulo,Decrescente,-23.50926000,-46.57271800,4.50,9.00,13.50,18.00,22.50,27.00,31.50,36.00,40.50,ativo,cobranca_confirmada,true,alta,media,ANTT/dados de tarifas,ANTT/dados-dos-pracas-de-pedagio2_2026.csv
br_antt_174_riosp_free_flow_pfe006_pedaru,SP,ANTT,federal,RIOSP,,,Free Flow PFE006 - PEDARU Norte,portico_free_flow,BR-116,228.85,São Paulo,Decrescente,-23.50926000,-46.57271800,4.50,9.00,13.50,18.00,22.50,27.00,31.50,36.00,40.50,ativo,cobranca_confirmada,true,alta,media,ANTT/dados de tarifas,ANTT/dados-dos-pracas-de-pedagio2_2026.csv
br_antt_175_riosp_free_flow_pfe006_pfs006,SP,ANTT,federal,RIOSP,,,Free Flow PFE006 - PFS006 Norte,portico_free_flow,BR-116,228.85,São Paulo,Decrescente,-23.50926000,-46.57271800,4.50,9.00,13.50,18.00,22.50,27.00,31.50,36.00,40.50,ativo,cobranca_confirmada,true,alta,media,ANTT/dados de tarifas,ANTT/dados-dos-pracas-de-pedagio2_2026.csv
br_antt_176_riosp_free_flow_pfe006_pfs007,SP,ANTT,federal,RIOSP,,,Free Flow PFE006 - PFS007 Norte,portico_free_flow,BR-116,228.85,São Paulo,Decrescente,-23.50926000,-46.57271800,4.50,9.00,13.50,18.00,22.50,27.00,31.50,36.00,40.50,ativo,cobranca_confirmada,true,alta,media,ANTT/dados de tarifas,ANTT/dados-dos-pracas-de-pedagio2_2026.csv
br_antt_177_riosp_free_flow_pfe006_pfs008,SP,ANTT,federal,RIOSP,,,Free Flow PFE006 - PFS008 Norte,portico_free_flow,BR-116,228.85,São Paulo,Decrescente,-23.50926000,-46.57271800,4.50,9.00,13.50,18.00,22.50,27.00,31.50,36.00,40.50,ativo,cobranca_confirmada,true,alta,media,ANTT/dados de tarifas,ANTT/dados-dos-pracas-de-pedagio2_2026.csv
br_antt_178_riosp_free_flow_pfe006_pfs009,SP,ANTT,federal,RIOSP,,,Free Flow PFE006 - PFS009 Norte,portico_free_flow,BR-116,228.85,São Paulo,Decrescente,-23.50926000,-46.57271800,4.50,9.00,13.50,18.00,22.50,27.00,31.50,36.00,40.50,ativo,cobranca_confirmada,true,alta,media,ANTT/dados de tarifas,ANTT/dados-dos-pracas-de-pedagio2_2026.csv
br_antt_179_riosp_free_flow_pfe006_pfs010,SP,ANTT,federal,RIOSP,,,Free Flow PFE006 - PFS010 Norte,portico_free_flow,BR-116,228.85,São Paulo,Decrescente,-23.50926000,-46.57271800,4.50,9.00,13.50,18.00,22.50,27.00,31.50,36.00,40.50,ativo,cobranca_confirmada,true,alta,media,ANTT/dados de tarifas,ANTT/dados-dos-pracas-de-pedagio2_2026.csv
br_antt_181_riosp_free_flow_pfe007_bairro,SP,ANTT,federal,RIOSP,,,Free Flow PFE007 - BAIRRO Norte,portico_free_flow,BR-116,223.35,Guarulhos,Decrescente,-23.47917700,-46.53041700,4.50,9.00,13.50,18.00,22.50,27.00,31.50,36.00,40.50,ativo,cobranca_confirmada,true,alta,media,ANTT/dados de tarifas,ANTT/dados-dos-pracas-de-pedagio2_2026.csv
br_antt_182_riosp_free_flow_pfe007_pedard,SP,ANTT,federal,RIOSP,,,Free Flow PFE007 - PEDARD Norte,portico_free_flow,BR-116,223.35,Guarulhos,Decrescente,-23.47917700,-46.53041700,4.50,9.00,13.50,18.00,22.50,27.00,31.50,36.00,40.50,ativo,cobranca_confirmada,true,alta,media,ANTT/dados de tarifas,ANTT/dados-dos-pracas-de-pedagio2_2026.csv
br_antt_183_riosp_free_flow_pfe007_pedaru,SP,ANTT,federal,RIOSP,,,Free Flow PFE007 - PEDARU Norte,portico_free_flow,BR-116,223.35,Guarulhos,Decrescente,-23.47917700,-46.53041700,4.50,9.00,13.50,18.00,22.50,27.00,31.50,36.00,40.50,ativo,cobranca_confirmada,true,alta,media,ANTT/dados de tarifas,ANTT/dados-dos-pracas-de-pedagio2_2026.csv
br_antt_184_riosp_free_flow_pfe007_pfs008,SP,ANTT,federal,RIOSP,,,Free Flow PFE007 - PFS008 Norte,portico_free_flow,BR-116,223.35,Guarulhos,Decrescente,-23.47917700,-46.53041700,4.50,9.00,13.50,18.00,22.50,27.00,31.50,36.00,40.50,ativo,cobranca_confirmada,true,alta,media,ANTT/dados de tarifas,ANTT/dados-dos-pracas-de-pedagio2_2026.csv
br_antt_185_riosp_free_flow_pfe007_pfs009,SP,ANTT,federal,RIOSP,,,Free Flow PFE007 - PFS009 Norte,portico_free_flow,BR-116,223.35,Guarulhos,Decrescente,-23.47917700,-46.53041700,4.50,9.00,13.50,18.00,22.50,27.00,31.50,36.00,40.50,ativo,cobranca_confirmada,true,alta,media,ANTT/dados de tarifas,ANTT/dados-dos-pracas-de-pedagio2_2026.csv
br_antt_186_riosp_free_flow_pfe007_pfs010,SP,ANTT,federal,RIOSP,,,Free Flow PFE007 - PFS010 Norte,portico_free_flow,BR-116,223.35,Guarulhos,Decrescente,-23.47917700,-46.53041700,4.50,9.00,13.50,18.00,22.50,27.00,31.50,36.00,40.50,ativo,cobranca_confirmada,true,alta,media,ANTT/dados de tarifas,ANTT/dados-dos-pracas-de-pedagio2_2026.csv
br_antt_187_riosp_free_flow_pfe008_bairro,SP,ANTT,federal,RIOSP,,,Free Flow PFE008 - BAIRRO Norte,portico_free_flow,BR-116,214.1,Guarulhos,Decrescente,-23.44491000,-46.44918400,4.50,9.00,13.50,18.00,22.50,27.00,31.50,36.00,40.50,ativo,cobranca_confirmada,true,alta,media,ANTT/dados de tarifas,ANTT/dados-dos-pracas-de-pedagio2_2026.csv
br_antt_188_riosp_free_flow_pfe008_pedard,SP,ANTT,federal,RIOSP,,,Free Flow PFE008 - PEDARD Norte,portico_free_flow,BR-116,214.1,Guarulhos,Decrescente,-23.44491000,-46.44918400,4.50,9.00,13.50,18.00,22.50,27.00,31.50,36.00,40.50,ativo,cobranca_confirmada,true,alta,media,ANTT/dados de tarifas,ANTT/dados-dos-pracas-de-pedagio2_2026.csv
br_antt_189_riosp_free_flow_pfe008_pedaru,SP,ANTT,federal,RIOSP,,,Free Flow PFE008 - PEDARU Norte,portico_free_flow,BR-116,214.1,Guarulhos,Decrescente,-23.44491000,-46.44918400,4.50,9.00,13.50,18.00,22.50,27.00,31.50,36.00,40.50,ativo,cobranca_confirmada,true,alta,media,ANTT/dados de tarifas,ANTT/dados-dos-pracas-de-pedagio2_2026.csv
br_antt_190_riosp_free_flow_pfe008_pfs010,SP,ANTT,federal,RIOSP,,,Free Flow PFE008 - PFS010 Norte,portico_free_flow,BR-116,214.1,Guarulhos,Decrescente,-23.44491000,-46.44918400,4.50,9.00,13.50,18.00,22.50,27.00,31.50,36.00,40.50,ativo,cobranca_confirmada,true,alta,media,ANTT/dados de tarifas,ANTT/dados-dos-pracas-de-pedagio2_2026.csv
br_antt_191_riosp_free_flow_pfe009_bairro,SP,ANTT,federal,RIOSP,,,Free Flow PFE009 - BAIRRO Norte,portico_free_flow,BR-116,210.2,Guarulhos,Decrescente,-23.42957100,-46.41271800,4.50,9.00,13.50,18.00,22.50,27.00,31.50,36.00,40.50,ativo,cobranca_confirmada,true,alta,media,ANTT/dados de tarifas,ANTT/dados-dos-pracas-de-pedagio2_2026.csv
br_antt_192_riosp_free_flow_pfe009_pedard,SP,ANTT,federal,RIOSP,,,Free Flow PFE009 - PEDARD Norte,portico_free_flow,BR-116,210.2,Guarulhos,Decrescente,-23.42957100,-46.41271800,4.50,9.00,13.50,18.00,22.50,27.00,31.50,36.00,40.50,ativo,cobranca_confirmada,true,alta,media,ANTT/dados de tarifas,ANTT/dados-dos-pracas-de-pedagio2_2026.csv
br_antt_193_riosp_free_flow_pfe009_pedaru,SP,ANTT,federal,RIOSP,,,Free Flow PFE009 - PEDARU Norte,portico_free_flow,BR-116,210.2,Guarulhos,Decrescente,-23.42957100,-46.41271800,4.50,9.00,13.50,18.00,22.50,27.00,31.50,36.00,40.50,ativo,cobranca_confirmada,true,alta,media,ANTT/dados de tarifas,ANTT/dados-dos-pracas-de-pedagio2_2026.csv
br_antt_194_riosp_free_flow_pfe009_pfs010,SP,ANTT,federal,RIOSP,,,Free Flow PFE009 - PFS010 Norte,portico_free_flow,BR-116,210.2,Guarulhos,Decrescente,-23.42957100,-46.41271800,4.50,9.00,13.50,18.00,22.50,27.00,31.50,36.00,40.50,ativo,cobranca_confirmada,true,alta,media,ANTT/dados de tarifas,ANTT/dados-dos-pracas-de-pedagio2_2026.csv
br_antt_195_riosp_free_flow_ppf001_pfs001,SP,ANTT,federal,RIOSP,,,Free Flow PPF001 Sul - PFS001 Sul,portico_free_flow,BR-116,206.0,Guarulhos,Crescente,-23.41737900,-46.37647000,4.50,9.00,13.50,18.00,22.50,27.00,31.50,36.00,40.50,ativo,cobranca_confirmada,true,alta,media,ANTT/dados de tarifas,ANTT/dados-dos-pracas-de-pedagio2_2026.csv
br_antt_196_riosp_free_flow_ppf001_pfs002,SP,ANTT,federal,RIOSP,,,Free Flow PPF001 Sul - PFS002 Sul,portico_free_flow,BR-116,206.0,Guarulhos,Crescente,-23.41737900,-46.37647000,4.50,9.00,13.50,18.00,22.50,27.00,31.50,36.00,40.50,ativo,cobranca_confirmada,true,alta,media,ANTT/dados de tarifas,ANTT/dados-dos-pracas-de-pedagio2_2026.csv
br_antt_197_riosp_free_flow_ppf001_pfs003,SP,ANTT,federal,RIOSP,,,Free Flow PPF001 Sul - PFS003 Sul,portico_free_flow,BR-116,206.0,Guarulhos,Crescente,-23.41737900,-46.37647000,4.50,9.00,13.50,18.00,22.50,27.00,31.50,36.00,40.50,ativo,cobranca_confirmada,true,alta,media,ANTT/dados de tarifas,ANTT/dados-dos-pracas-de-pedagio2_2026.csv
br_antt_198_riosp_free_flow_ppf001_pfs004,SP,ANTT,federal,RIOSP,,,Free Flow PPF001 Sul - PFS004 Sul,portico_free_flow,BR-116,206.0,Guarulhos,Crescente,-23.41737900,-46.37647000,4.50,9.00,13.50,18.00,22.50,27.00,31.50,36.00,40.50,ativo,cobranca_confirmada,true,alta,media,ANTT/dados de tarifas,ANTT/dados-dos-pracas-de-pedagio2_2026.csv
br_antt_199_riosp_free_flow_ppf001_pfs005,SP,ANTT,federal,RIOSP,,,Free Flow PPF001 Sul - PFS005 Sul,portico_free_flow,BR-116,206.0,Guarulhos,Crescente,-23.41737900,-46.37647000,4.50,9.00,13.50,18.00,22.50,27.00,31.50,36.00,40.50,ativo,cobranca_confirmada,true,alta,media,ANTT/dados de tarifas,ANTT/dados-dos-pracas-de-pedagio2_2026.csv
br_antt_150_riosp_guararema,SP,ANTT,federal,RIOSP,,,Guararema Norte,praca_fisica,BR-116,182.4,Santa Isabel,Decrescente,-23.35000000,-46.16000000,4.50,9.00,13.50,18.00,22.50,27.00,31.50,36.00,40.50,ativo,cobranca_confirmada,true,alta,media,ANTT/dados de tarifas,ANTT/dados-dos-pracas-de-pedagio2_2026.csv
br_antt_180_riosp_guararema,SP,ANTT,federal,RIOSP,,,Guararema Sul,praca_fisica,BR-116,180.7,Guararema,Crescente,-23.34000000,-46.15000000,4.50,9.00,13.50,18.00,22.50,27.00,31.50,36.00,40.50,ativo,cobranca_confirmada,true,alta,baixa,ANTT/dados de tarifas,ANTT/dados-dos-pracas-de-pedagio2_2026.csv
br_antt_213_riosp_jacarei,SP,ANTT,federal,RIOSP,,,Jacareí Norte,praca_fisica,BR-116,165.1,Jacareí,Decrescente,-23.30000000,-46.01000000,8.10,16.20,24.30,32.40,40.50,48.60,56.70,64.80,72.90,ativo,cobranca_confirmada,true,alta,media,ANTT/dados de tarifas,ANTT/dados-dos-pracas-de-pedagio2_2026.csv
br_antt_214_riosp_jacarei,SP,ANTT,federal,RIOSP,,,Jacareí Sul,praca_fisica,BR-116,165.1,Jacareí,Crescente,-23.30000000,-46.01000000,8.10,16.20,24.30,32.40,40.50,48.60,56.70,64.80,72.90,ativo,cobranca_confirmada,true,alta,media,ANTT/dados de tarifas,ANTT/dados-dos-pracas-de-pedagio2_2026.csv
br_antt_028_autopista_regis_bittencourt_juquia,SP,ANTT,federal,AUTOPISTA REGIS BITTENCOURT,,,Juquiá,praca_fisica,BR-116,426.6,Juquiá,Crescente/Decrescente,-24.38932500,-47.72239100,4.30,8.60,12.90,17.20,21.50,25.80,30.10,34.40,38.70,ativo,cobranca_confirmada,true,alta,alta,ANTT/dados de tarifas,ANTT/dados-dos-pracas-de-pedagio2_2026.csv
br_antt_027_autopista_regis_bittencourt_miracatu,SP,ANTT,federal,AUTOPISTA REGIS BITTENCOURT,,,Miracatu,praca_fisica,BR-116,370.4,Miracatu,Crescente/Decrescente,-24.15786900,-47.32628000,4.30,8.60,12.90,17.20,21.50,25.80,30.10,34.40,38.70,ativo,cobranca_confirmada,true,alta,alta,ANTT/dados de tarifas,ANTT/dados-dos-pracas-de-pedagio2_2026.csv
br_antt_148_riosp_moreira_cesar,SP,ANTT,federal,RIOSP,,,Moreira César Norte,praca_fisica,BR-116,87.0,Pindamonhangaba,Decrescente,-22.93000000,-45.36000000,16.90,33.80,50.70,67.60,84.50,101.40,118.30,135.20,152.10,ativo,cobranca_confirmada,true,alta,media,ANTT/dados de tarifas,ANTT/dados-dos-pracas-de-pedagio2_2026.csv
br_antt_149_riosp_moreira_cesar,SP,ANTT,federal,RIOSP,,,Moreira César Sul,praca_fisica,BR-116,87.0,Pindamonhangaba,Crescente,-22.93000000,-45.36000000,16.90,33.80,50.70,67.60,84.50,101.40,118.30,135.20,152.10,ativo,cobranca_confirmada,true,alta,media,ANTT/dados de tarifas,ANTT/dados-dos-pracas-de-pedagio2_2026.csv
br_antt_220_transbrasiliana_,SP,ANTT,federal,TRANSBRASILIANA,,,P 01,praca_fisica,BR-153,35.8,Onda Verde,Crescente/Decrescente,-20.58861100,-49.31805500,10.10,20.20,30.30,40.40,50.50,60.60,70.70,80.80,90.90,ativo,cobranca_confirmada,true,alta,alta,ANTT/dados de tarifas,ANTT/dados-dos-pracas-de-pedagio2_2026.csv
br_antt_218_transbrasiliana_,SP,ANTT,federal,TRANSBRASILIANA,,,P 02,praca_fisica,BR-153,98.9,José Bonifácio,Crescente/Decrescente,-20.99750000,-49.62833300,10.10,20.20,30.30,40.40,50.50,60.60,70.70,80.80,90.90,ativo,cobranca_confirmada,true,alta,alta,ANTT/dados de tarifas,ANTT/dados-dos-pracas-de-pedagio2_2026.csv
br_antt_219_transbrasiliana_,SP,ANTT,federal,TRANSBRASILIANA,,,P 03,praca_fisica,BR-153,183.8,Lins,Crescente/Decrescente,-21.71055500,-49.80861100,10.10,20.20,30.30,40.40,50.50,60.60,70.70,80.80,90.90,ativo,cobranca_confirmada,true,alta,alta,ANTT/dados de tarifas,ANTT/dados-dos-pracas-de-pedagio2_2026.csv
br_antt_221_transbrasiliana_,SP,ANTT,federal,TRANSBRASILIANA,,,P 04,praca_fisica,BR-153,268.1,Vera Cruz,Crescente/Decrescente,-22.33631100,-49.89883300,10.10,20.20,30.30,40.40,50.50,60.60,70.70,80.80,90.90,ativo,cobranca_confirmada,true,alta,alta,ANTT/dados de tarifas,ANTT/dados-dos-pracas-de-pedagio2_2026.csv
br_antt_029_autopista_regis_bittencourt_sao_lourenco_serra,SP,ANTT,federal,AUTOPISTA REGIS BITTENCOURT,,,São Lourenço da Serra,praca_fisica,BR-116,298.8,São Lourenço da Serra,Crescente/Decrescente,-23.78764700,-46.91392200,4.30,8.60,12.90,17.20,21.50,25.80,30.10,34.40,38.70,ativo,cobranca_confirmada,true,alta,alta,ANTT/dados de tarifas,ANTT/dados-dos-pracas-de-pedagio2_2026.csv
br_antt_073_ecovias_araguaia_alianca_tocantins,TO,ANTT,federal,ECOVIAS DO ARAGUAIA,,,P1 - Aliança do Tocantins,praca_fisica,BR-153,640.0,Aliança do Tocantins,Crescente/Decrescente,-11.44610000,-48.99028300,8.60,17.20,25.80,34.40,43.00,51.60,60.20,68.80,77.40,ativo,cobranca_confirmada,true,alta,alta,ANTT/dados de tarifas,ANTT/dados-dos-pracas-de-pedagio2_2026.csv
br_antt_074_ecovias_araguaia_alvorada,TO,ANTT,federal,ECOVIAS DO ARAGUAIA,,,P2 - Alvorada,praca_fisica,BR-153,744.91,Alvorada,Crescente/Decrescente,-12.34000000,-49.15000000,11.80,23.60,35.40,47.20,59.00,70.80,82.60,94.40,106.20,ativo,cobranca_confirmada,true,alta,alta,ANTT/dados de tarifas,ANTT/dados-dos-pracas-de-pedagio2_2026.csv
sp_artesp_l33_raposo_km83_sorocaba_leste,SP,ARTESP,estadual,ARTESP/SP concessionárias,L33-ROTA SOROCABANA,,PÓRTICO KM83 - SOROCABA/ALUMÍNIO,portico_free_flow,SP-270,83,Sorocaba/Alumínio,LESTE,-23.51514380,-47.31554960,4.95,9.90,14.85,19.80,24.75,29.70,34.65,39.60,44.55,ativo_cobranca_confirmada,cobranca_confirmada,true,alta,alta,https://www.sigafacil.sp.gov.br/,KMZ/CNL ARTESP L33 + Siga Fácil; corrigido na auditoria V10
sp_artesp_l33_raposo_km83_sorocaba_oeste,SP,ARTESP,estadual,ARTESP/SP concessionárias,L33-ROTA SOROCABANA,,PÓRTICO KM83 - SOROCABA/ALUMÍNIO,portico_free_flow,SP-270,83,Sorocaba/Alumínio,OESTE,-23.51522970,-47.31550300,4.95,9.90,14.85,19.80,24.75,29.70,34.65,39.60,44.55,ativo_cobranca_confirmada,cobranca_confirmada,true,alta,alta,https://www.sigafacil.sp.gov.br/,KMZ/CNL ARTESP L33 + Siga Fácil; corrigido na auditoria V10
rj_estadual_rota116_p1_itaborai,RJ,AGETRANSP,estadual,Rota 116 S/A,RJ-116/RJ-104,P1,Praça P1 - Itaboraí,praca_fisica,RJ-116,"1,9",Itaboraí,bidirecional,-22.71572775,-42.81139790,9.60,19.20,38.40,38.40,38.40,38.40,67.20,76.80,86.40,ativo,cobranca_confirmada,true,alta,alta,https://www.rota116.com.br/tarifas,OSM Overpass export (3).geojson + fonte oficial tarifária/concessionária já vinculada
rj_estadual_rota116_p2_cachoeiras_macacu,RJ,AGETRANSP,estadual,Rota 116 S/A,RJ-116/RJ-104,P2,Praça P2 - Cachoeiras de Macacu / Boca do Mato,praca_fisica,RJ-116,"48,8",Cachoeiras de Macacu,bidirecional,-22.41643910,-42.62303345,9.60,19.20,38.40,38.40,38.40,38.40,67.20,76.80,86.40,ativo,cobranca_confirmada,true,alta,alta,https://www.rota116.com.br/tarifas,OSM Overpass export (3).geojson + fonte oficial tarifária/concessionária já vinculada
rj_estadual_rota116_p3_nova_friburgo_furnas,RJ,AGETRANSP,estadual,Rota 116 S/A,RJ-116/RJ-104,P3,Praça P3 - Nova Friburgo / Furnas,praca_fisica,RJ-116,"90,4",Nova Friburgo,bidirecional,-22.21354810,-42.49166070,9.60,19.20,38.40,38.40,38.40,38.40,67.20,76.80,86.40,ativo,cobranca_confirmada,true,alta,alta,https://www.rota116.com.br/tarifas,OSM Overpass export (3).geojson + fonte oficial tarifária/concessionária já vinculada
rj_estadual_rota116_p4_cordeiro,RJ,AGETRANSP,estadual,Rota 116 S/A,RJ-116/RJ-104,P4,Praça P4 - Cordeiro,praca_fisica,RJ-116,"122,3",Cordeiro,bidirecional,-22.05459935,-42.36236690,9.60,19.20,38.40,38.40,38.40,38.40,67.20,76.80,86.40,ativo,cobranca_confirmada,true,alta,alta,https://www.rota116.com.br/tarifas,OSM Overpass export (3).geojson + fonte oficial tarifária/concessionária já vinculada
rj_estadual_vialagos_p1_rio_bonito,RJ,AGETRANSP,estadual,CCR ViaLagos / Motiva,RJ-124,P1,Praça ViaLagos - Rio Bonito,praca_fisica,RJ-124,22,Rio Bonito,bidirecional,-22.80081600,-42.46453435,18.40,36.80,55.20,73.60,92.00,110.40,128.80,147.20,165.60,ativo,cobranca_confirmada,true,alta,alta,https://www.agetransp.rj.gov.br/concessionarias/vialagos,OSM Overpass export (3).geojson + fonte oficial tarifária/concessionária já vinculada
rj_municipal_viario_transolimpica_principal_sulacap,RJ,PREFEITURA_RIO_VIARIO,municipal,Concessionária ViaRio S.A.,Transolímpica,P1,Praça principal Transolímpica - Sulacap,praca_fisica,Transolímpica,,Rio de Janeiro,bidirecional,-22.89587420,-43.39907880,8.95,13.45,29.55,32.20,35.80,44.75,53.70,61.40,69.10,ativo,cobranca_confirmada,true,alta,media,https://www.viario.com.br/tarifas-do-pedagio.php,ViaRio site oficial confirma praça principal em Sulacap; OSM Overpass export (3).geojson; Bendito Guia/Cybo listing do ponto nomeado
rj_municipal_lamsa_linha_amarela_agua_santa,RJ,PREFEITURA_RIO_LAMSA,municipal,LAMSA / Linha Amarela S.A.,Linha Amarela,P1,Praça Linha Amarela - Água Santa,praca_fisica,Linha Amarela,,Rio de Janeiro,bidirecional,-22.90734193,-43.30888448,4.00,6.00,13.20,14.50,16.10,20.10,24.10,24.10,24.10,ativo,cobranca_confirmada,true,alta,media,https://www.tribunadosertao.com.br/rj-em-foco/2026/04/16/888445-linha-amarela-tera-reajuste-no-valor-do-pedagio-a-partir-de-sabado,OSM Overpass export (3).geojson + fonte oficial tarifária/concessionária já vinculada
mg_estadual_mg_lote_01_triangulo_mineiro_p1_uberaba,MG,ARTEMIG,estadual,EPR Triângulo / Concessionária Rodovias do Triângulo SPE S.A.,MG Lote 01 - Triângulo Mineiro,P1,P1 Uberaba,praca_fisica,CMG-452,"186,4",Uberaba,ambos,-19.20331290,-47.85067110,14.00,28.00,42.00,56.00,70.00,84.00,98.00,112.00,126.00,ativo,cobranca_confirmada,true,alta,alta,https://eprtriangulo.com.br/tarifa-de-pedagio/,OSM Overpass export (8).geojson cruzado com fonte oficial de praça/rodovia/km
mg_estadual_mg_lote_01_triangulo_mineiro_p2_perdizes,MG,ARTEMIG,estadual,EPR Triângulo / Concessionária Rodovias do Triângulo SPE S.A.,MG Lote 01 - Triângulo Mineiro,P2,P2 Perdizes,praca_fisica,BR-452,"260,30",Perdizes,ambos,-19.40492065,-47.31478945,14.00,28.00,42.00,56.00,70.00,84.00,98.00,112.00,126.00,ativo,cobranca_confirmada,true,alta,alta,https://eprtriangulo.com.br/tarifa-de-pedagio/,OSM Overpass export (8).geojson cruzado com fonte oficial de praça/rodovia/km
mg_estadual_mg_lote_01_triangulo_mineiro_p3_monte_carmelo,MG,ARTEMIG,estadual,EPR Triângulo / Concessionária Rodovias do Triângulo SPE S.A.,MG Lote 01 - Triângulo Mineiro,P3,P3 Monte Carmelo,praca_fisica,BR-365,"515,25",Monte Carmelo,ambos,-19.02811657,-47.25665637,14.00,28.00,42.00,56.00,70.00,84.00,98.00,112.00,126.00,ativo,cobranca_confirmada,true,alta,alta,https://eprtriangulo.com.br/tarifa-de-pedagio/,OSM Overpass export (8).geojson cruzado com fonte oficial de praça/rodovia/km
mg_estadual_mg_lote_01_triangulo_mineiro_p4_indianopolis,MG,ARTEMIG,estadual,EPR Triângulo / Concessionária Rodovias do Triângulo SPE S.A.,MG Lote 01 - Triângulo Mineiro,P4,P4 Indianópolis,praca_fisica,BR-365,"589,10",Indianópolis,ambos,-18.86676560,-48.01649285,14.00,28.00,42.00,56.00,70.00,84.00,98.00,112.00,126.00,ativo,cobranca_confirmada,true,alta,alta,https://eprtriangulo.com.br/tarifa-de-pedagio/,OSM Overpass export (8).geojson cruzado com fonte oficial de praça/rodovia/km
mg_estadual_mg_lote_01_triangulo_mineiro_p5_patrocinio,MG,ARTEMIG,estadual,EPR Triângulo / Concessionária Rodovias do Triângulo SPE S.A.,MG Lote 01 - Triângulo Mineiro,P5,P5 Patrocínio,praca_fisica,CMG-462,"34,15",Patrocínio,ambos,-19.13368305,-47.17422305,14.00,28.00,42.00,56.00,70.00,84.00,98.00,112.00,126.00,ativo,cobranca_confirmada,true,alta,alta,https://eprtriangulo.com.br/tarifa-de-pedagio/,OSM Overpass export (8).geojson cruzado com fonte oficial de praça/rodovia/km
mg_estadual_mg_lote_01_triangulo_mineiro_p6_nova_ponte,MG,ARTEMIG,estadual,EPR Triângulo / Concessionária Rodovias do Triângulo SPE S.A.,MG Lote 01 - Triângulo Mineiro,P6,P6 Nova Ponte,praca_fisica,MG-190,"6,80",Nova Ponte,ambos,-19.02392295,-47.57898510,14.00,28.00,42.00,56.00,70.00,84.00,98.00,112.00,126.00,ativo,cobranca_confirmada,true,alta,alta,https://eprtriangulo.com.br/tarifa-de-pedagio/,OSM Overpass export (8).geojson cruzado com fonte oficial de praça/rodovia/km
mg_estadual_mg_lote_01_triangulo_mineiro_p7_nova_ponte,MG,ARTEMIG,estadual,EPR Triângulo / Concessionária Rodovias do Triângulo SPE S.A.,MG Lote 01 - Triângulo Mineiro,P7,P7 Nova Ponte,praca_fisica,MG-190,"75,50",Nova Ponte,ambos,-19.02382760,-47.57896780,14.00,28.00,42.00,56.00,70.00,84.00,98.00,112.00,126.00,ativo,cobranca_confirmada,true,alta,alta,https://eprtriangulo.com.br/tarifa-de-pedagio/,validacao_manual_usuario_Daniel_2026-05-09
mg_estadual_mg_lote_01_triangulo_mineiro_p8_agua_comprida,MG,ARTEMIG,estadual,EPR Triângulo / Concessionária Rodovias do Triângulo SPE S.A.,MG Lote 01 - Triângulo Mineiro,P8,P8 Água Comprida,praca_fisica,MG-427,15,Água Comprida,ambos,-19.85948540,-48.07769600,14.00,28.00,42.00,56.00,70.00,84.00,98.00,112.00,126.00,ativo,cobranca_confirmada,true,alta,alta,https://eprtriangulo.com.br/tarifa-de-pedagio/,validacao_manual_usuario_Daniel_2026-05-09
mg_estadual_mg_lote_02_sul_de_minas_p1_caldas,MG,ARTEMIG,estadual,EPR Sul de Minas / Concessionária Rodovias do Sul de Minas SPE S.A.,MG Lote 02 - Sul de Minas,P1,P1 Caldas,praca_fisica,BR-459,"40,5",Caldas,ambos,-21.94517947,-46.45421755,10.10,20.20,30.30,40.40,50.50,60.60,70.70,80.80,90.90,ativo,cobranca_confirmada,true,alta,alta,https://eprsuldeminas.com.br/tarifa-de-pedagio/,OSM Overpass export (8).geojson cruzado com fonte oficial de praça/rodovia/km
mg_estadual_mg_lote_02_sul_de_minas_p2_senador_jose_bento,MG,ARTEMIG,estadual,EPR Sul de Minas / Concessionária Rodovias do Sul de Minas SPE S.A.,MG Lote 02 - Sul de Minas,P2,P2 Senador José Bento,praca_fisica,BR-459,"80,9",Senador José Bento,ambos,-22.15926520,-46.10701775,10.10,20.20,30.30,40.40,50.50,60.60,70.70,80.80,90.90,ativo,cobranca_confirmada,true,alta,alta,https://eprsuldeminas.com.br/tarifa-de-pedagio/,OSM Overpass export (8).geojson cruzado com fonte oficial de praça/rodovia/km
mg_estadual_mg_lote_02_sul_de_minas_p3_santa_rita_do_sapucai,MG,ARTEMIG,estadual,EPR Sul de Minas / Concessionária Rodovias do Sul de Minas SPE S.A.,MG Lote 02 - Sul de Minas,P3,P3 Santa Rita do Sapucaí,praca_fisica,BR-459,"117,3",Santa Rita do Sapucaí,ambos,-22.25475180,-45.82250605,10.10,20.20,30.30,40.40,50.50,60.60,70.70,80.80,90.90,ativo,cobranca_confirmada,true,alta,alta,https://eprsuldeminas.com.br/tarifa-de-pedagio/,OSM Overpass export (8).geojson cruzado com fonte oficial de praça/rodovia/km
mg_estadual_mg_lote_02_sul_de_minas_p4_pocos_de_caldas,MG,ARTEMIG,estadual,EPR Sul de Minas / Concessionária Rodovias do Sul de Minas SPE S.A.,MG Lote 02 - Sul de Minas,P4,P4 Poços de Caldas,praca_fisica,CMG-146,"622,8",Poços de Caldas,ambos,-21.90789465,-46.57825395,10.10,20.20,30.30,40.40,50.50,60.60,70.70,80.80,90.90,ativo,cobranca_confirmada,true,alta,alta,https://eprsuldeminas.com.br/tarifa-de-pedagio/,OSM Overpass export (8).geojson cruzado com fonte oficial de praça/rodovia/km
mg_estadual_mg_lote_02_sul_de_minas_p5_goncalves,MG,ARTEMIG,estadual,EPR Sul de Minas / Concessionária Rodovias do Sul de Minas SPE S.A.,MG Lote 02 - Sul de Minas,P5,P5 Gonçalves,praca_fisica,MG-173,"51,3",Gonçalves,ambos,-22.65345290,-45.74823670,10.10,20.20,30.30,40.40,50.50,60.60,70.70,80.80,90.90,ativo,cobranca_confirmada,true,alta,alta,https://eprsuldeminas.com.br/tarifa-de-pedagio/,OSM Overpass export (8).geojson cruzado com fonte oficial de praça/rodovia/km
mg_estadual_mg_lote_02_sul_de_minas_p6_borda_da_mata,MG,ARTEMIG,estadual,EPR Sul de Minas / Concessionária Rodovias do Sul de Minas SPE S.A.,MG Lote 02 - Sul de Minas,P6,P6 Borda da Mata,praca_fisica,MG-290,"34,5",Borda da Mata,ambos,-22.28965765,-46.19899555,10.10,20.20,30.30,40.40,50.50,60.60,70.70,80.80,90.90,ativo,cobranca_confirmada,true,alta,alta,https://eprsuldeminas.com.br/tarifa-de-pedagio/,OSM Overpass export (8).geojson cruzado com fonte oficial de praça/rodovia/km
mg_estadual_mg_lote_02_sul_de_minas_p7_ouro_fino,MG,ARTEMIG,estadual,EPR Sul de Minas / Concessionária Rodovias do Sul de Minas SPE S.A.,MG Lote 02 - Sul de Minas,P7,P7 Ouro Fino,praca_fisica,MG-290,"71,1",Ouro Fino,ambos,-22.27838835,-46.48766700,10.10,20.20,30.30,40.40,50.50,60.60,70.70,80.80,90.90,ativo,cobranca_confirmada,true,alta,alta,https://eprsuldeminas.com.br/tarifa-de-pedagio/,OSM Overpass export (8).geojson cruzado com fonte oficial de praça/rodovia/km
mg_estadual_mg_lote_02_sul_de_minas_p8_monte_siao,MG,ARTEMIG,estadual,EPR Sul de Minas / Concessionária Rodovias do Sul de Minas SPE S.A.,MG Lote 02 - Sul de Minas,P8,P8 Monte Sião Free Flow,portico_free_flow,MG-459,"6,4",Monte Sião,ambos,-22.35383030,-46.46189240,10.10,20.20,30.30,40.40,50.50,60.60,70.70,80.80,90.90,ativo,cobranca_confirmada,true,alta,alta,https://eprsuldeminas.com.br/tarifa-de-pedagio/,validacao_manual_usuario_Daniel_2026-05-09
mg_estadual_mg_lote_03_varginha_furnas_p1_nepomuceno,MG,ARTEMIG,estadual,EPR Vias do Café / Concessionária Rodovias do Café SPE S.A.,MG Lote 03 - Varginha/Furnas,P1,P1 Nepomuceno,praca_fisica,BR-265,"366,5",Nepomuceno,ambos,-21.24639155,-45.36019325,15.00,30.00,45.00,60.00,75.00,90.00,105.00,120.00,135.00,ativo,cobranca_confirmada,true,alta,alta,https://eprviasdocafe.com.br/tarifa-de-pedagio/,OSM Overpass export (8).geojson cruzado com fonte oficial de praça/rodovia/km
mg_estadual_mg_lote_03_varginha_furnas_p2_boa_esperanca,MG,ARTEMIG,estadual,EPR Vias do Café / Concessionária Rodovias do Café SPE S.A.,MG Lote 03 - Varginha/Furnas,P2,P2 Boa Esperança,praca_fisica,BR-265,396,Boa Esperança,ambos,-21.14694455,-45.56968215,15.00,30.00,45.00,60.00,75.00,90.00,105.00,120.00,135.00,ativo,cobranca_confirmada,true,alta,alta,https://eprviasdocafe.com.br/tarifa-de-pedagio/,OSM Overpass export (8).geojson cruzado com fonte oficial de praça/rodovia/km
mg_estadual_mg_lote_03_varginha_furnas_p3_muzambinho,MG,ARTEMIG,estadual,EPR Vias do Café / Concessionária Rodovias do Café SPE S.A.,MG Lote 03 - Varginha/Furnas,P3,P3 Muzambinho,praca_fisica,BR-146,"529,2",Muzambinho,ambos,-21.35836725,-46.50043335,15.00,30.00,45.00,60.00,75.00,90.00,105.00,120.00,135.00,ativo,cobranca_confirmada,true,alta,alta,https://eprviasdocafe.com.br/tarifa-de-pedagio/,OSM Overpass export (8).geojson cruzado com fonte oficial de praça/rodovia/km
mg_estadual_mg_lote_03_varginha_furnas_p4_monte_santo_de_minas,MG,ARTEMIG,estadual,EPR Vias do Café / Concessionária Rodovias do Café SPE S.A.,MG Lote 03 - Varginha/Furnas,P4,P4 Monte Santo de Minas,praca_fisica,CMG-491,46,Monte Santo de Minas,ambos,-21.25399420,-46.95032850,15.00,30.00,45.00,60.00,75.00,90.00,105.00,120.00,135.00,ativo,cobranca_confirmada,true,alta,alta,https://eprviasdocafe.com.br/tarifa-de-pedagio/,OSM Overpass export (8).geojson cruzado com fonte oficial de praça/rodovia/km
mg_estadual_mg_lote_03_varginha_furnas_p5_alfenas,MG,ARTEMIG,estadual,EPR Vias do Café / Concessionária Rodovias do Café SPE S.A.,MG Lote 03 - Varginha/Furnas,P5,P5 Alfenas,praca_fisica,CMG-491,"159,1",Alfenas,ambos,-21.43759095,-46.09970235,15.00,30.00,45.00,60.00,75.00,90.00,105.00,120.00,135.00,ativo,cobranca_confirmada,true,alta,alta,https://eprviasdocafe.com.br/tarifa-de-pedagio/,OSM Overpass export (8).geojson cruzado com fonte oficial de praça/rodovia/km
mg_estadual_mg_lote_03_varginha_furnas_p6_tres_coracoes,MG,ARTEMIG,estadual,EPR Vias do Café / Concessionária Rodovias do Café SPE S.A.,MG Lote 03 - Varginha/Furnas,P6,P6 Três Corações,praca_fisica,CMG-491,"251,6",Três Corações,ambos,-21.63251560,-45.39185695,15.00,30.00,45.00,60.00,75.00,90.00,105.00,120.00,135.00,ativo,cobranca_confirmada,true,alta,alta,https://eprviasdocafe.com.br/tarifa-de-pedagio/,OSM Overpass export (8).geojson cruzado com fonte oficial de praça/rodovia/km
mg_estadual_mg_050_via_nascentes_p1_itauna,MG,ARTEMIG,estadual,Via Nascentes / Via Appia,MG-050 / Via Nascentes,P1,P1 Itaúna,praca_fisica,MG-050,81,Itaúna,ambos,-20.03959080,-44.53310580,8.80,17.60,26.40,35.20,44.00,52.80,61.60,70.40,79.20,ativo,cobranca_confirmada,true,alta,media,https://viaappia.com.br/nascentes-tarifas/,OSM Overpass export (8).geojson cruzado com fonte oficial de praça/rodovia/km
mg_estadual_mg_050_via_nascentes_p2_sao_sebastiao_do_oeste,MG,ARTEMIG,estadual,Via Nascentes / Via Appia,MG-050 / Via Nascentes,P2,P2 São Sebastião do Oeste,praca_fisica,MG-050,"149,5",São Sebastião do Oeste,ambos,-20.19349295,-44.99772645,8.80,17.60,26.40,35.20,44.00,52.80,61.60,70.40,79.20,ativo,cobranca_confirmada,true,alta,media,https://viaappia.com.br/nascentes-tarifas/,OSM Overpass export (8).geojson cruzado com fonte oficial de praça/rodovia/km
mg_estadual_mg_050_via_nascentes_p3_formiga,MG,ARTEMIG,estadual,Via Nascentes / Via Appia,MG-050 / Via Nascentes,P3,P3 Formiga / Córrego Fundo,praca_fisica,MG-050,"219,9",Formiga,ambos,-20.48721500,-45.59842685,8.80,17.60,26.40,35.20,44.00,52.80,61.60,70.40,79.20,ativo,cobranca_confirmada,true,alta,media,https://viaappia.com.br/nascentes-tarifas/,OSM Overpass export (8).geojson cruzado com fonte oficial de praça/rodovia/km
mg_estadual_mg_050_via_nascentes_p4_piumhi,MG,ARTEMIG,estadual,Via Nascentes / Via Appia,MG-050 / Via Nascentes,P4,P4 Piumhi,praca_fisica,MG-050,"270,7",Piumhi,ambos,-20.51177345,-45.97428025,8.80,17.60,26.40,35.20,44.00,52.80,61.60,70.40,79.20,ativo,cobranca_confirmada,true,alta,media,https://viaappia.com.br/nascentes-tarifas/,OSM Overpass export (8).geojson cruzado com fonte oficial de praça/rodovia/km
mg_estadual_mg_050_via_nascentes_p5_passos,MG,ARTEMIG,estadual,Via Nascentes / Via Appia,MG-050 / Via Nascentes,P5,P5 Passos,praca_fisica,MG-050,333,Passos,ambos,-20.72348145,-46.40197250,8.80,17.60,26.40,35.20,44.00,52.80,61.60,70.40,79.20,ativo,cobranca_confirmada,true,alta,media,https://viaappia.com.br/nascentes-tarifas/,OSM Overpass export (8).geojson cruzado com fonte oficial de praça/rodovia/km
mg_estadual_mg_050_via_nascentes_p6_pratapolis,MG,ARTEMIG,estadual,Via Nascentes / Via Appia,MG-050 / Via Nascentes,P6,P6 Pratápolis,praca_fisica,MG-050,"389,2",Pratápolis,ambos,-20.84279515,-46.87799320,8.80,17.60,26.40,35.20,44.00,52.80,61.60,70.40,79.20,ativo,cobranca_confirmada,true,alta,media,https://viaappia.com.br/nascentes-tarifas/,OSM Overpass export (8).geojson cruzado com fonte oficial de praça/rodovia/km
mg_estadual_br_135_ecovias_norte_minas_p1_montes_claros,MG,ARTEMIG,estadual,Ecovias Norte Minas / Eco135,BR-135 / Ecovias Norte Minas,P1,P1 Montes Claros,praca_fisica,BR-135,399,Montes Claros,ambos,-17.01403845,-43.84954175,10.60,21.20,31.80,42.40,53.00,63.60,74.20,84.80,95.40,ativo,cobranca_confirmada,true,alta,alta,https://www.ecoviasnorteminas.com.br/condicoes-da-via,OSM Overpass export (8).geojson cruzado com fonte oficial de praça/rodovia/km
mg_estadual_br_135_ecovias_norte_minas_p2_bocaiuva,MG,ARTEMIG,estadual,Ecovias Norte Minas / Eco135,BR-135 / Ecovias Norte Minas,P2,P2 Bocaiuva,praca_fisica,BR-135,466,Bocaiúva,ambos,-17.52101985,-44.05266205,10.60,21.20,31.80,42.40,53.00,63.60,74.20,84.80,95.40,ativo,cobranca_confirmada,true,alta,alta,https://www.ecoviasnorteminas.com.br/condicoes-da-via,OSM Overpass export (8).geojson cruzado com fonte oficial de praça/rodovia/km
mg_estadual_br_135_ecovias_norte_minas_p3_buenopolis,MG,ARTEMIG,estadual,Ecovias Norte Minas / Eco135,BR-135 / Ecovias Norte Minas,P3,P3 Buenópolis,praca_fisica,BR-135,523,Buenópolis,ambos,-17.98495985,-44.16873515,10.60,21.20,31.80,42.40,53.00,63.60,74.20,84.80,95.40,ativo,cobranca_confirmada,true,alta,alta,https://www.ecoviasnorteminas.com.br/condicoes-da-via,OSM Overpass export (8).geojson cruzado com fonte oficial de praça/rodovia/km
mg_estadual_br_135_ecovias_norte_minas_p4_corinto,MG,ARTEMIG,estadual,Ecovias Norte Minas / Eco135,BR-135 / Ecovias Norte Minas,P4,P4 Corinto,praca_fisica,BR-135,583,Corinto,ambos,-18.43135370,-44.45694605,10.60,21.20,31.80,42.40,53.00,63.60,74.20,84.80,95.40,ativo,cobranca_confirmada,true,alta,alta,https://www.ecoviasnorteminas.com.br/condicoes-da-via,OSM Overpass export (8).geojson cruzado com fonte oficial de praça/rodovia/km
mg_estadual_br_135_ecovias_norte_minas_p5_curvelo,MG,ARTEMIG,estadual,Ecovias Norte Minas / Eco135,BR-135 / Ecovias Norte Minas,P5,P5 Curvelo,praca_fisica,BR-135,634,Curvelo,ambos,-18.95983830,-44.37122365,10.60,21.20,31.80,42.40,53.00,63.60,74.20,84.80,95.40,ativo,cobranca_confirmada,true,alta,alta,https://www.ecoviasnorteminas.com.br/condicoes-da-via,OSM Overpass export (8).geojson cruzado com fonte oficial de praça/rodovia/km
mg_estadual_br_135_ecovias_norte_minas_p6_curvelo,MG,ARTEMIG,estadual,Ecovias Norte Minas / Eco135,BR-135 / Ecovias Norte Minas,P6,P6 Curvelo / LMG-754,praca_fisica,LMG-754,25,Curvelo,ambos,-18.95983830,-44.37122365,10.60,21.20,31.80,42.40,53.00,63.60,74.20,84.80,95.40,ativo,cobranca_confirmada,true,alta,alta,https://www.ecoviasnorteminas.com.br/condicoes-da-via,OSM Overpass export (8).geojson cruzado com fonte oficial de praça/rodovia/km
mt_rodovia_da_mudanca_p1,MT,AGER-MT,estadual,Rodovia da Mudança,MT-449/010/338/484,P1,P1 Lucas do Rio Verde / Groslândia,praca_fisica,MT-449,,Lucas do Rio Verde,ambos,-12.96846040,-55.97538270,11.50,23.00,34.50,46.00,57.50,69.00,80.50,92.00,103.50,ativo,cobranca_confirmada,true,alta,alta,AGER-MT/concessionária,OSM Overpass export (4).geojson
mt_rodovia_da_mudanca_p2,MT,AGER-MT,estadual,Rodovia da Mudança,MT-449/010/338/484,P2,P2 Tapurah / Ana Terra,praca_fisica,MT-338/MT-010,,Tapurah,ambos,-12.82538345,-56.46124065,11.50,23.00,34.50,46.00,57.50,69.00,80.50,92.00,103.50,ativo,cobranca_confirmada,true,alta,alta,AGER-MT/concessionária,OSM Overpass export (4).geojson
mt_intervias_mt_242_p1,MT,AGER-MT,estadual,Intervias MT-242,MT-242/493/140,P1,P1 Nova Ubiratã,praca_fisica,MT-242,,Nova Ubiratã,ambos,-12.61428530,-55.63644750,14.70,29.40,44.10,58.80,73.50,88.20,102.90,117.60,132.30,ativo,cobranca_confirmada,true,alta,alta,AGER-MT/concessionária,OSM Overpass export (4).geojson
mt_apasi_p1,MT,AGER-MT,estadual,APASI,MT-242/491,P1,P1 Ipiranga do Norte,praca_fisica,MT-242,,Ipiranga do Norte,ambos,-12.48436580,-55.76398095,14.10,28.20,42.30,56.40,70.50,84.60,98.70,112.80,126.90,ativo,cobranca_confirmada,true,alta,alta,AGER-MT/concessionária,OSM Overpass export (4).geojson
mt_sps_concessionaria_p1,MT,AGER-MT,estadual,SPS Concessionária,MT-235,P1,P1 Nova Mutum,praca_fisica,MT-235,5,Nova Mutum,ambos,-13.81276840,-56.03905800,14.00,28.00,42.00,56.00,70.00,84.00,98.00,112.00,126.00,ativo,cobranca_confirmada,true,alta,alta,AGER-MT/concessionária,OSM Overpass export (4).geojson
mt_morro_da_mesa_p1,MT,AGER-MT,estadual,Morro da Mesa,MT-130 Rondonópolis–Primavera,P1,P1 Rondonópolis,praca_fisica,MT-130,9+150,Rondonópolis,ambos,-16.34988145,-54.58134000,11.70,23.40,35.10,46.80,58.50,70.20,81.90,93.60,105.30,ativo,cobranca_confirmada,true,alta,alta,AGER-MT/concessionária,OSM Overpass export (4).geojson
mt_morro_da_mesa_p2,MT,AGER-MT,estadual,Morro da Mesa,MT-130 Rondonópolis–Primavera,P2,P2 Primavera do Leste,praca_fisica,MT-130,110+315,Primavera do Leste,ambos,-15.58414110,-54.39205555,11.70,23.40,35.10,46.80,58.50,70.20,81.90,93.60,105.30,ativo,cobranca_confirmada,true,alta,alta,AGER-MT/concessionária,OSM Overpass export (4).geojson
mt_via_brasil_mt_100_p1,MT,AGER-MT,estadual,Via Brasil MT-100,MT-100,P1,P1 Alto Taquari,praca_fisica,MT-100,11+145,Alto Taquari,ambos,-17.95871695,-53.21388445,11.70,23.40,35.10,46.80,58.50,70.20,81.90,93.60,105.30,ativo,cobranca_confirmada,true,alta,alta,AGER-MT/concessionária,OSM Overpass export (4).geojson
mt_via_brasil_mt_100_p2,MT,AGER-MT,estadual,Via Brasil MT-100,MT-100,P2,P2 Alto Araguaia,praca_fisica,MT-100,83+485,Alto Araguaia,ambos,-17.37998930,-53.23804520,11.70,23.40,35.10,46.80,58.50,70.20,81.90,93.60,105.30,ativo,cobranca_confirmada,true,alta,alta,AGER-MT/concessionária,OSM Overpass export (4).geojson
mt_via_brasil_mt_246_p1,MT,AGER-MT,estadual,Via Brasil MT-246,MT-246/343/358/480,P1,P1 Rosário Oeste,praca_fisica,MT-246,,Rosário Oeste,ambos,-15.14736395,-56.58544950,10.90,21.80,32.70,43.60,54.50,65.40,76.30,87.20,98.10,ativo,cobranca_confirmada,true,alta,alta,AGER-MT/concessionária,OSM Overpass export (4).geojson
mt_via_brasil_mt_246_p2,MT,AGER-MT,estadual,Via Brasil MT-246,MT-246/343/358/480,P2,P2 Barra do Bugres,praca_fisica,MT-246/MT-343,,Barra do Bugres,ambos,-15.02090310,-57.18097045,10.90,21.80,32.70,43.60,54.50,65.40,76.30,87.20,98.10,ativo,cobranca_confirmada,true,alta,alta,AGER-MT/concessionária,OSM Overpass export (4).geojson
mt_via_brasil_mt_246_p3,MT,AGER-MT,estadual,Via Brasil MT-246,MT-246/343/358/480,P3,P3 Tangará da Serra 1,praca_fisica,MT-358,,Tangará da Serra,ambos,-14.66418410,-57.32353830,10.90,21.80,32.70,43.60,54.50,65.40,76.30,87.20,98.10,ativo,cobranca_confirmada,true,alta,alta,AGER-MT/concessionária,OSM Overpass export (4).geojson
mt_via_brasil_mt_246_p4,MT,AGER-MT,estadual,Via Brasil MT-246,MT-246/343/358/480,P4,P4 Tangará da Serra 2,praca_fisica,MT-358/MT-480,,Tangará da Serra,ambos,-14.50884370,-57.91221360,10.90,21.80,32.70,43.60,54.50,65.40,76.30,87.20,98.10,ativo,cobranca_confirmada,true,alta,alta,AGER-MT/concessionária,OSM Overpass export (4).geojson
mt_via_brasil_mt_320_p1,MT,AGER-MT,estadual,Via Brasil MT-320,MT-320/208,P1,P1 Colíder,praca_fisica,MT-320,"14,7",Colíder,ambos,-10.80508875,-55.32485870,11.70,23.40,35.10,46.80,58.50,70.20,81.90,93.60,105.30,ativo,cobranca_confirmada,true,alta,alta,AGER-MT/concessionária,OSM Overpass export (4).geojson
mt_via_brasil_mt_320_p2,MT,AGER-MT,estadual,Via Brasil MT-320,MT-320/208,P2,P2 Nova Canaã do Norte,praca_fisica,MT-320,"59,8",Nova Canaã do Norte,ambos,-10.44967120,-55.73136630,11.70,23.40,35.10,46.80,58.50,70.20,81.90,93.60,105.30,ativo,cobranca_confirmada,true,alta,alta,AGER-MT/concessionária,OSM Overpass export (4).geojson
mt_via_brasil_mt_320_p3,MT,AGER-MT,estadual,Via Brasil MT-320,MT-320/208,P3,P3 Alta Floresta,praca_fisica,MT-208,23,Alta Floresta,ambos,-9.92320000,-55.97084110,11.70,23.40,35.10,46.80,58.50,70.20,81.90,93.60,105.30,ativo,cobranca_confirmada,true,alta,alta,AGER-MT/concessionária,OSM Overpass export (4).geojson
mt_rota_dos_graos_p1,MT,AGER-MT,estadual,Rota dos Grãos,MT-130 Primavera–Paranatinga,P1,P1 Primavera do Leste,praca_fisica,MT-130,"167,1",Primavera do Leste,ambos,-15.22470230,-54.12791185,10.90,21.80,32.70,43.60,54.50,65.40,76.30,87.20,98.10,ativo,cobranca_confirmada,true,alta,alta,AGER-MT/concessionária,OSM Overpass export (4).geojson
mt_rota_dos_graos_p2,MT,AGER-MT,estadual,Rota dos Grãos,MT-130 Primavera–Paranatinga,P2,P2 Paranatinga,praca_fisica,MT-130,"242,6",Paranatinga,ambos,-14.59376510,-54.00936455,10.90,21.80,32.70,43.60,54.50,65.40,76.30,87.20,98.10,ativo,cobranca_confirmada,true,alta,alta,AGER-MT/concessionária,OSM Overpass export (4).geojson
mt_via_norte_sul_p1,MT,AGER-MT,estadual,Via Norte Sul Rodovias,MT-220,P1,P1 Sinop,praca_fisica,MT-220,23,Sinop,ambos,-11.66806925,-55.65998220,10.80,21.60,32.40,43.20,54.00,64.80,75.60,86.40,97.20,ativo,cobranca_confirmada,true,alta,alta,AGER-MT/concessionária,OSM Overpass export (4).geojson
mt_via_norte_sul_p2,MT,AGER-MT,estadual,Via Norte Sul Rodovias,MT-220,P2,P2 Tabaporã,praca_fisica,MT-220,73,Tabaporã,ambos,-11.52658935,-56.65238460,10.80,21.60,32.40,43.20,54.00,64.80,75.60,86.40,97.20,ativo,cobranca_confirmada,true,alta,alta,AGER-MT/concessionária,OSM Overpass export (4).geojson
mt_via_norte_sul_p3,MT,AGER-MT,estadual,Via Norte Sul Rodovias,MT-220,P3,P3 Porto dos Gaúchos,praca_fisica,MT-220,136,Porto dos Gaúchos,ambos,-11.63830280,-56.10318730,10.80,21.60,32.40,43.20,54.00,64.80,75.60,86.40,97.20,ativo,cobranca_confirmada,true,alta,alta,AGER-MT/concessionária,OSM Overpass export (4).geojson
ms_estadual_ms_306_br_359_p1_costa_rica,MS,AGEMS,estadual,Way 306 / Concessionária da Rodovia MS-306 S.A.,MS-306 / BR-359,P1,P1 Costa Rica,praca_fisica,MS-306,40+400,Costa Rica,ambos,-18.38224360,-53.08416710,14.40,28.80,43.20,57.60,72.00,86.40,100.80,115.20,129.60,ativo,cobranca_confirmada,true,alta,alta,https://assets.imprensaoficial.ms.gov.br/public/prd/Diario%20Oficial/2026/04/08/DO12121_08_04_2026.pdf,OSM Overpass export (9).geojson + fonte oficial AGEMS/Way com praça e km
ms_estadual_ms_306_br_359_p2_chapadao_do_sul,MS,AGEMS,estadual,Way 306 / Concessionária da Rodovia MS-306 S.A.,MS-306 / BR-359,P2,P2 Chapadão do Sul,praca_fisica,MS-306,100+600,Chapadão do Sul,ambos,-18.72621275,-52.76858690,14.40,28.80,43.20,57.60,72.00,86.40,100.80,115.20,129.60,ativo,cobranca_confirmada,true,alta,alta,https://assets.imprensaoficial.ms.gov.br/public/prd/Diario%20Oficial/2026/04/08/DO12121_08_04_2026.pdf,OSM Overpass export (9).geojson + fonte oficial AGEMS/Way com praça e km
ms_estadual_ms_306_br_359_p3_cassilandia,MS,AGEMS,estadual,Way 306 / Concessionária da Rodovia MS-306 S.A.,MS-306 / BR-359,P3,P3 Cassilândia,praca_fisica,MS-306,184+500,Cassilândia,ambos,-19.03248450,-52.04380290,14.40,28.80,43.20,57.60,72.00,86.40,100.80,115.20,129.60,ativo,cobranca_confirmada,true,alta,alta,https://assets.imprensaoficial.ms.gov.br/public/prd/Diario%20Oficial/2026/04/08/DO12121_08_04_2026.pdf,OSM Overpass export (9).geojson + fonte oficial AGEMS/Way com praça e km
ms_estadual_ms_112_br_158_br_436_p4_paranaiba,MS,AGEMS,estadual,Rodovias do Leste MS S.A. / Way-112,MS-112 / BR-158 / BR-436,P4,P4 Paranaíba,praca_fisica,BR-158,78+100,Paranaíba,ambos,-19.54696640,-51.25647585,14.00,28.00,42.00,56.00,70.00,84.00,98.00,112.00,126.00,ativo,cobranca_confirmada,true,alta,alta,https://www.agems.ms.gov.br/wp-content/uploads/2026/02/Portaria-AGEMS-n%C2%B0-326-de-09-de-fevereiro-de-2026.pdf,OSM Overpass export (9).geojson + fonte oficial AGEMS/Way com praça e km
ms_estadual_ms_112_br_158_br_436_p5_aparecida_do_taboado,MS,AGEMS,estadual,Rodovias do Leste MS S.A. / Way-112,MS-112 / BR-158 / BR-436,P5,P5 Aparecida do Taboado,praca_fisica,BR-158,118+100,Aparecida do Taboado,ambos,-19.85159790,-51.11827370,14.00,28.00,42.00,56.00,70.00,84.00,98.00,112.00,126.00,ativo,cobranca_confirmada,true,alta,alta,https://www.agems.ms.gov.br/wp-content/uploads/2026/02/Portaria-AGEMS-n%C2%B0-326-de-09-de-fevereiro-de-2026.pdf,OSM Overpass export (9).geojson + fonte oficial AGEMS/Way com praça e km
ms_estadual_ms_112_br_158_br_436_p6_aparecida_do_taboado,MS,AGEMS,estadual,Rodovias do Leste MS S.A. / Way-112,MS-112 / BR-158 / BR-436,P6,P6 Aparecida do Taboado II,praca_fisica,BR-436,13+300,Aparecida do Taboado,ambos,-20.09472050,-51.03274740,4.60,9.20,13.80,18.40,23.00,27.60,32.20,36.80,41.40,ativo,cobranca_confirmada,true,alta,alta,https://www.agems.ms.gov.br/wp-content/uploads/2026/02/Portaria-AGEMS-n%C2%B0-326-de-09-de-fevereiro-de-2026.pdf,OSM Overpass export (9).geojson + fonte oficial AGEMS/Way com praça e km
ms_estadual_ms_112_br_158_br_436_p7_aparecida_do_taboado,MS,AGEMS,estadual,Rodovias do Leste MS S.A. / Way-112,MS-112 / BR-158 / BR-436,P7,P7 Aparecida do Taboado III,praca_fisica,BR-158,174+000,Aparecida do Taboado,ambos,-20.21526470,-51.32429930,14.00,28.00,42.00,56.00,70.00,84.00,98.00,112.00,126.00,ativo,cobranca_confirmada,true,alta,alta,https://www.agems.ms.gov.br/wp-content/uploads/2026/02/Portaria-AGEMS-n%C2%B0-326-de-09-de-fevereiro-de-2026.pdf,OSM Overpass export (9).geojson + fonte oficial AGEMS/Way com praça e km
ms_estadual_ms_112_br_158_br_436_p8_selviria,MS,AGEMS,estadual,Rodovias do Leste MS S.A. / Way-112,MS-112 / BR-158 / BR-436,P8,P8 Selvíria,praca_fisica,BR-158,64+200,Selvíria,ambos,-20.07555675,-51.85694765,14.00,28.00,42.00,56.00,70.00,84.00,98.00,112.00,126.00,ativo,cobranca_confirmada,true,alta,alta,https://www.agems.ms.gov.br/wp-content/uploads/2026/02/Portaria-AGEMS-n%C2%B0-326-de-09-de-fevereiro-de-2026.pdf,OSM Overpass export (9).geojson + fonte oficial AGEMS/Way com praça e km
ms_estadual_ms_112_br_158_br_436_p9_cassilandia,MS,AGEMS,estadual,Rodovias do Leste MS S.A. / Way-112,MS-112 / BR-158 / BR-436,P9,P9 Cassilândia II,praca_fisica,MS-112,193+300,Cassilândia,ambos,-19.17750040,-51.72785185,14.00,28.00,42.00,56.00,70.00,84.00,98.00,112.00,126.00,ativo,cobranca_confirmada,true,alta,alta,https://www.agems.ms.gov.br/wp-content/uploads/2026/02/Portaria-AGEMS-n%C2%B0-326-de-09-de-fevereiro-de-2026.pdf,OSM Overpass export (9).geojson + fonte oficial AGEMS/Way com praça e km
ba_estadual_cln_ba_099_camacari_dia_util,BA,AGERBA,estadual,Concessionária Litoral Norte S.A. / CLN,BA-099 Estrada do Coco / Linha Verde,CLN-01,Praça BA-099 Camaçari / CLN,praca_fisica,BA-099,"14,5",Camaçari,ambos,-12.82167910,-38.25140180,9.80,19.70,29.50,39.30,49.10,59.00,68.60,78.40,88.20,ativo,cobranca_confirmada,true,alta,alta,https://www.clnorte.com.br/tarifas.php,"OSM Overpass export (10).geojson + CLN km 14,5 oficial"
ba_estadual_cbn_cia_aeroporto,BA,AGERBA,estadual,Concessionária Bahia Norte S.A. / CBN,Sistema BA-093 / BA-524 / BA-526 / BA-535,CBN-PP05,Praça CIA-Aeroporto,praca_fisica,BA-526,,Salvador / Camaçari / Simões Filho,ambos,-12.84800950,-38.36158405,7.70,15.40,23.10,30.80,38.40,46.10,53.80,61.50,69.20,ativo,cobranca_confirmada,true,alta,alta,https://www.cbnorte.com.br/tarifas,OSM Overpass export (10).geojson + CBN/AGERBA
ba_estadual_cbn_via_parafuso,BA,AGERBA,estadual,Concessionária Bahia Norte S.A. / CBN,Sistema BA-093 / BA-524 / BA-526 / BA-535,CBN-PP06,Praça Via Parafuso,praca_fisica,BA-535,,Camaçari / Dias d'Ávila,ambos,-12.77845200,-38.31874310,7.70,15.40,23.10,30.80,38.40,46.10,53.80,61.50,69.20,ativo,cobranca_confirmada,true,alta,alta,https://www.cbnorte.com.br/tarifas,OSM Overpass export (10).geojson + CBN/AGERBA
ba_estadual_cbn_canal_trafego,BA,AGERBA,estadual,Concessionária Bahia Norte S.A. / CBN,Sistema BA-093 / BA-524 / BA-526 / BA-535,CBN-PP03,Praça Canal de Tráfego,praca_fisica,BA-524,,Candeias / Simões Filho,ambos,-12.69116325,-38.43137580,7.70,15.40,23.10,30.80,38.40,46.10,53.80,61.50,69.20,ativo,cobranca_confirmada,true,alta,alta,https://www.cbnorte.com.br/tarifas,OSM Overpass export (10).geojson + CBN/AGERBA
ba_estadual_cbn_candeias_simoes_filho,BA,AGERBA,estadual,Concessionária Bahia Norte S.A. / CBN,Sistema BA-093 / BA-524 / BA-526 / BA-535,CBN-PP01/PP02,Praça Candeias / Simões Filho,praca_fisica,BA-093,,Simões Filho,ambos,-12.71840205,-38.39487445,7.70,15.40,23.10,30.80,38.40,46.10,53.80,61.50,69.20,ativo,cobranca_confirmada,true,alta,alta,https://www.cbnorte.com.br/tarifas,OSM Overpass export (10).geojson + CBN/AGERBA
ba_estadual_cbn_pojuca_mata_sao_joao,BA,AGERBA,estadual,Concessionária Bahia Norte S.A. / CBN,Sistema BA-093 / BA-524 / BA-526 / BA-535,CBN-PP02,Praça Pojuca / Mata de São João,praca_fisica,BA-093,,Mata de São João / Pojuca,ambos,-12.43679760,-38.31603610,7.70,15.40,23.10,30.80,38.40,46.10,53.80,61.50,69.20,ativo,cobranca_confirmada,true,alta,alta,https://www.cbnorte.com.br/tarifas,OSM Overpass export (10).geojson + CBN/AGERBA
ba_estadual_cbn_via_metropolitana,BA,AGERBA,estadual,Concessionária Bahia Norte S.A. / CBN,Sistema BA-093 / BA-524 / BA-526 / BA-535,CBN-PP04,Praça Via Metropolitana,praca_fisica,BA-535,,Camaçari / Lauro de Freitas,ambos,-12.84649990,-38.30974680,7.70,15.40,23.10,30.80,38.40,46.10,53.80,61.50,69.20,ativo,cobranca_confirmada,true,alta,alta,https://www.cbnorte.com.br/tarifas,OSM Overpass export (10).geojson + CBN/AGERBA
ba_estadual_concef_ba_160_sao_francisco,BA,AGERBA,estadual,Concessionária Estrada do Feijão SPE S.A. / CONCEF,Sistema BA-052 / BA-160,CONCEF-01,Praça São Francisco / Xique-Xique-Barra,praca_fisica,BA-160,81,Xique-Xique / Barra,ambos,-11.08968230,-43.10499905,22.20,44.40,66.60,88.80,111.00,133.20,155.40,177.60,199.80,ativo,cobranca_confirmada,true,alta,alta,https://www.ba.gov.br/agerba/publicacoes/8199/reajuste-das-tarifas-basicas,OSM Overpass export (10).geojson + CONCEF praça São Francisco km 81
pe_estadual_rota_dos_coqueiros_barra_jangada,PE,ARPE/DER-PE,estadual,Concessionária Rota dos Coqueiros S.A.,PE-024 Sistema Viário do Paiva,CRC-01,Barra de Jangada / Ponte do Paiva,praca_fisica,PE-024,"0,0",Jaboatão dos Guararapes,ambos,-8.22196520,-34.92714440,9.80,19.60,29.40,39.20,49.00,58.80,68.60,78.40,88.20,ativo,cobranca_confirmada,true,alta,alta,https://www.rotadoscoqueiros.com.br/tarifas.php,OSM/Overpass + fontes oficiais/concessionária + validação operacional
pe_estadual_rota_dos_coqueiros_itapuama,PE,ARPE/DER-PE,estadual,Concessionária Rota dos Coqueiros S.A.,PE-024 Sistema Viário do Paiva,CRC-02,Itapuama,praca_fisica,PE-024,"6,5",Cabo de Santo Agostinho,ambos,-8.29532990,-34.95407370,9.80,19.60,29.40,39.20,49.00,58.80,68.60,78.40,88.20,ativo,cobranca_confirmada,true,alta,alta,https://www.rotadoscoqueiros.com.br/tarifas.php,OSM/Overpass + fontes oficiais/concessionária + validação operacional
pe_estadual_rota_do_atlantico_tdr_norte,PE,ARPE/DER-PE,estadual,Concessionária Rota do Atlântico S.A.,PE-009 / VPE-052 / VPE-034 / Complexo Viário de Suape,CRA-01,TDR Norte / Cabo de Santo Agostinho,praca_fisica,PE-009 / TDR Norte,"38,5",Cabo de Santo Agostinho,ambos,-8.27752310,-34.97297410,11.60,23.20,34.80,46.40,58.00,69.60,81.20,92.80,104.40,ativo,cobranca_confirmada,true,alta,alta,https://rotadoatlantico.com.br/tarifas,OSM/Overpass + fontes oficiais/concessionária + validação operacional
pe_estadual_rota_do_atlantico_guaibu,PE,ARPE/DER-PE,estadual,Concessionária Rota do Atlântico S.A.,PE-009 / VPE-052 / VPE-034 / Complexo Viário de Suape,CRA-02,Guaibú / Cabo de Santo Agostinho,praca_fisica,PE-009,,Cabo de Santo Agostinho,ambos,-8.33459590,-34.96550350,11.60,23.20,34.80,46.40,58.00,69.60,81.20,92.80,104.40,ativo,cobranca_confirmada,true,alta,alta,https://rotadoatlantico.com.br/tarifas,OSM/Overpass + fontes oficiais/concessionária + validação operacional
pe_estadual_rota_do_atlantico_suape,PE,ARPE/DER-PE,estadual,Concessionária Rota do Atlântico S.A.,PE-009 / VPE-052 / VPE-034 / Complexo Viário de Suape,CRA-03,Suape / Rota do Atlântico,praca_fisica,PE-009,,Cabo de Santo Agostinho,ambos,-8.36128060,-34.96149580,11.60,23.20,34.80,46.40,58.00,69.60,81.20,92.80,104.40,ativo,cobranca_confirmada,true,alta,alta,https://rotadoatlantico.com.br/tarifas,OSM/Overpass + fontes oficiais/concessionária + validação operacional
pe_estadual_rota_do_atlantico_ipojuca_sul,PE,ARPE/DER-PE,estadual,Concessionária Rota do Atlântico S.A.,PE-009 / VPE-052 / VPE-034 / Complexo Viário de Suape,CRA-04,Ipojuca Sul,praca_fisica,VPE-052 / Avenida Portuária,,Ipojuca,ambos,-8.39342560,-35.02181200,11.60,23.20,34.80,46.40,58.00,69.60,81.20,92.80,104.40,ativo,cobranca_confirmada,true,alta,alta,https://rotadoatlantico.com.br/tarifas,OSM/Overpass + fontes oficiais/concessionária + validação operacional
pe_estadual_rota_do_atlantico_ipojuca,PE,ARPE/DER-PE,estadual,Concessionária Rota do Atlântico S.A.,PE-009 / VPE-052 / VPE-034 / Complexo Viário de Suape,CRA-05,Ipojuca / Nossa Senhora do Ó,praca_fisica,PE-009,,Ipojuca,ambos,-8.42146800,-34.99468610,11.60,23.20,34.80,46.40,58.00,69.60,81.20,92.80,104.40,ativo,cobranca_confirmada,true,alta,alta,https://rotadoatlantico.com.br/tarifas,OSM/Overpass + fontes oficiais/concessionária + validação operacional
pa_estadual_rota_do_para_p5,PA,ARTRAN-PA,estadual,Rota do Pará S.A.,"Rota do Pará / PA-150, PA-475, PA-483, PA-252 e PA-151",P5,"Praça 05 – PA-150 km 295,1",praca_fisica,PA-150,"295,1",Tailândia / Moju,ambos,-2.73223000,-48.91481000,12.00,24.00,36.00,48.00,60.00,72.00,84.00,96.00,108.00,ativo_retomado,cobranca_confirmada,true,alta,alta,https://www.artran.pa.gov.br/node/312,OSM/Overpass + fontes oficiais/concessionária + validação operacional
pa_estadual_rota_do_para_p6,PA,ARTRAN-PA,estadual,Rota do Pará S.A.,"Rota do Pará / PA-150, PA-475, PA-483, PA-252 e PA-151",P6,"Praça 06 – PA-475 km 13,5",praca_fisica,PA-475,"13,5",Moju / PA-150,ambos,-2.34036463,-48.76623508,12.00,24.00,36.00,48.00,60.00,72.00,84.00,96.00,108.00,ativo,cobranca_confirmada,true,alta,alta,https://www.artran.pa.gov.br/node/312,OSM/Overpass + fontes oficiais/concessionária + validação operacional
pa_estadual_rota_do_para_p7,PA,ARTRAN-PA,estadual,Rota do Pará S.A.,"Rota do Pará / PA-150, PA-475, PA-483, PA-252 e PA-151",P7,Praça 07 – Tailândia / Abaetetuba,praca_fisica,PA-252,"31,9",Tailândia / Abaetetuba,ambos,-1.98264121,-48.59178303,12.00,24.00,36.00,48.00,60.00,72.00,84.00,96.00,108.00,ativo,cobranca_confirmada,true,alta,alta,https://www.artran.pa.gov.br/node/312,OSM/Overpass + fontes oficiais/concessionária + validação operacional
pa_estadual_rota_do_para_p8,PA,ARTRAN-PA,estadual,Rota do Pará S.A.,"Rota do Pará / PA-150, PA-475, PA-483, PA-252 e PA-151",P8,Praça 08 – Alça Viária / Barcarena-Belém,praca_fisica,PA-483 / Alça Viária,"22,0",Barcarena / Belém,ambos,-1.69927953,-48.43456274,12.00,24.00,36.00,48.00,60.00,72.00,84.00,96.00,108.00,ativo,cobranca_confirmada,true,alta,alta,https://www.artran.pa.gov.br/node/312,OSM/Overpass + fontes oficiais/concessionária + validação operacional
pi_estadual_cs_graos_p1,PI,AGRESPI,estadual,CS Grãos do Piauí Concessionária de Rodovias SPE S.A.,Transcerrados / Estrada Palestina – Contrato PPP nº 003/2021,P1,Praça 01 – PI-397 km 24+490 – Uruçuí,portico_free_flow,PI-397,24+490,Uruçuí,ambos,-7.74590510,-44.23820980,10.10,20.20,30.30,40.40,50.50,60.60,70.70,80.80,90.90,ativo,cobranca_confirmada,true,alta,alta,https://estradas.com.br/cs-graos-do-piaui-e-a-1a-concessionaria-piauiense-a-cobrar-pedagio/,OSM/Overpass + fontes oficiais/concessionária + validação operacional
pi_estadual_cs_graos_p2,PI,AGRESPI,estadual,CS Grãos do Piauí Concessionária de Rodovias SPE S.A.,Transcerrados / Estrada Palestina – Contrato PPP nº 003/2021,P2,Praça 02 – PI-397 km 79+360 – Sebastião Leal,portico_free_flow,PI-397,79+360,Sebastião Leal,ambos,-8.18073680,-44.28520220,10.10,20.20,30.30,40.40,50.50,60.60,70.70,80.80,90.90,ativo,cobranca_confirmada,true,alta,alta,https://estradas.com.br/cs-graos-do-piaui-e-a-1a-concessionaria-piauiense-a-cobrar-pedagio/,OSM/Overpass + fontes oficiais/concessionária + validação operacional
pi_estadual_cs_graos_p3,PI,AGRESPI,estadual,CS Grãos do Piauí Concessionária de Rodovias SPE S.A.,Transcerrados / Estrada Palestina – Contrato PPP nº 003/2021,P3,Praça 03 – PI-397 km 155+030 – Currais,portico_free_flow,PI-397,155+030,Currais,ambos,-8.68902820,-44.55318410,10.10,20.20,30.30,40.40,50.50,60.60,70.70,80.80,90.90,ativo,cobranca_confirmada,true,alta,alta,https://estradas.com.br/cs-graos-do-piaui-e-a-1a-concessionaria-piauiense-a-cobrar-pedagio/,OSM/Overpass + fontes oficiais/concessionária + validação operacional
pi_estadual_cs_graos_p4,PI,AGRESPI,estadual,CS Grãos do Piauí Concessionária de Rodovias SPE S.A.,Transcerrados / Estrada Palestina – Contrato PPP nº 003/2021,P4,Praça 04 – PI-262 km 35+800 – Bom Jesus,portico_free_flow,PI-262,35+800,Bom Jesus,ambos,-9.28231650,-44.83657780,10.10,20.20,30.30,40.40,50.50,60.60,70.70,80.80,90.90,ativo,cobranca_confirmada,true,alta,alta,https://estradas.com.br/cs-graos-do-piaui-e-a-1a-concessionaria-piauiense-a-cobrar-pedagio/,OSM/Overpass + fontes oficiais/concessionária + validação operacional
